nýtsluland;1993 1. ársfj.;1993 2. ársfj.;1993 3. ársfj.;1993 4. ársfj.;1994 1. ársfj.;1994 2. ársfj.;1994 3. ársfj.;1994 4. ársfj.;1995 1. ársfj.;1995 2. ársfj.;1995 3. ársfj.;1995 4. ársfj.;1996 1. ársfj.;1996 2. ársfj.;1996 3. ársfj.;1996 4. ársfj.;1997 1. ársfj.;1997 2. ársfj.;1997 3. ársfj.;1997 4. ársfj.;1998 1. ársfj.;1998 2. ársfj.;1998 3. ársfj.;1998 4. ársfj.;1999 1. ársfj.;1999 2. ársfj.;1999 3. ársfj.;1999 4. ársfj.;2000 1. ársfj.;2000 2. ársfj.;2000 3. ársfj.;2000 4. ársfj.;2001 1. ársfj.;2001 2. ársfj.;2001 3. ársfj.;2001 4. ársfj.;2002 1. ársfj.;2002 2. ársfj.;2002 3. ársfj.;2002 4. ársfj.;2003 1. ársfj.;2003 2. ársfj.;2003 3. ársfj.;2003 4. ársfj.;2004 1. ársfj.;2004 2. ársfj.;2004 3. ársfj.;2004 4. ársfj.;2005 1. ársfj.;2005 2. ársfj.;2005 3. ársfj.;2005 4. ársfj.;2006 1. ársfj.;2006 2. ársfj.;2006 3. ársfj.;2006 4. ársfj.;2007 1. ársfj.;2007 2. ársfj.;2007 3. ársfj.;2007 4. ársfj.;2008 1. ársfj.;2008 2. ársfj.;2008 3. ársfj.;2008 4. ársfj.;2009 1. ársfj.;2009 2. ársfj.;2009 3. ársfj.;2009 4. ársfj.;2010 1. ársfj.;2010 2. ársfj.;2010 3. ársfj.;2010 4. ársfj.;2011 1. ársfj.;2011 2. ársfj.;2011 3. ársfj.;2011 4. ársfj.;2012 1. ársfj.;2012 2. ársfj.;2012 3. ársfj.;2012 4. ársfj.;2013 1. ársfj.;2013 2. ársfj.;2013 3. ársfj.;2013 4. ársfj.;2014 1. ársfj.;2014 2. ársfj.;2014 3. ársfj.;2014 4. ársfj.;2015 1. ársfj.;2015 2. ársfj.;2015 3. ársfj.;2015 4. ársfj.;2016 1. ársfj.;2016 2. ársfj.;2016 3. ársfj.;2016 4. ársfj.;2017 1. ársfj.;2017 2. ársfj.;2017 3. ársfj.;2017 4. ársfj.;2018 1. ársfj.;2018 2. ársfj.;2018 3. ársfj.;2018 4. ársfj.;2019 1. ársfj.;2019 2. ársfj.;2019 3. ársfj.;2019 4. ársfj.;2020 1. ársfj.;2020 2. ársfj.;2020 3. ársfj.;2020 4. ársfj.;2021 1. ársfj.;2021 2. ársfj.;2021 3. ársfj.;2021 4. ársfj.;2022 1. ársfj.;2022 2. ársfj.;2022 3. ársfj.;2022 4. ársfj.;2023 1. ársfj.;2023 2. ársfj.;2023 3. ársfj.
Algeria;0.0;0.0;0.0;0.0;0.0;0.0;0.0;0.0;0.0;0.0;0.0;0.0;0.0;0.0;0.0;0.0;0.0;0.0;0.0;0.0;0.0;0.0;0.0;0.0;0.0;0.0;0.0;0.0;0.0;0.0;0.0;0.0;0.0;0.0;0.0;0.0;0.0;0.0;0.0;0.0;0.0;0.0;0.0;0.0;0.0;0.0;0.0;0.0;0.0;0.0;0.0;0.0;0.0;0.0;0.0;0.0;0.0;0.0;610.6;0.0;0.0;0.0;0.0;0.0;0.0;0.0;0.0;0.0;0.0;0.0;0.0;0.0;0.0;0.0;0.0;0.0;0.0;0.0;0.0;0.0;0.0;0.0;0.0;0.0;0.0;0.0;0.0;0.0;0.0;0.0;0.0;0.0;0.0;0.0;0.0;0.0;0.0;0.0;0.0;0.0;0.0;0.0;0.0;0.0;0.0;0.0;0.0;58.7;0.0;0.0;0.0;0.0;0.0;0.0;0.0;0.0;0.0;0.0;0.0;0.0;0.0;0.0;0.0
Angola;0.0;0.0;0.0;0.0;0.0;0.0;0.0;0.0;0.0;0.0;0.0;0.0;0.0;0.0;0.0;0.0;0.0;0.0;0.0;0.0;0.0;0.0;0.0;0.0;0.0;0.0;0.0;0.0;0.0;0.0;0.0;0.0;0.0;0.0;0.0;0.0;0.0;0.0;0.0;0.0;0.0;0.0;0.0;0.0;0.0;0.0;0.0;0.0;0.0;0.0;0.0;0.0;0.0;0.0;0.0;0.0;0.0;0.0;0.0;0.0;0.0;0.0;0.0;0.0;0.0;0.0;0.0;0.0;0.0;0.0;0.0;0.0;0.0;0.0;0.0;0.0;0.0;0.0;0.0;286.2;0.0;0.0;0.0;0.0;0.0;0.0;0.0;0.0;0.0;0.0;0.0;0.0;0.0;0.0;0.0;0.0;0.0;0.0;0.0;0.0;0.0;0.0;0.0;0.0;0.0;0.0;0.0;0.0;0.0;0.0;0.0;0.0;0.0;0.0;0.0;0.0;0.0;0.0;410.5;0.0;0.0;0.0;0.0
Anguilla;0.0;0.0;0.0;0.0;0.0;0.0;0.0;0.0;0.0;0.0;0.0;0.0;0.0;0.0;0.0;0.0;0.0;0.0;0.0;0.0;0.0;0.0;0.0;0.0;0.0;0.0;0.0;0.0;0.0;0.0;0.0;0.0;0.0;0.0;0.0;0.0;0.0;0.0;0.0;0.0;0.0;0.0;0.0;0.0;0.0;0.0;0.0;0.0;0.0;0.0;0.0;0.0;0.0;0.0;0.0;0.0;0.0;0.0;0.0;0.0;0.0;0.0;0.0;0.0;0.0;0.0;0.0;0.0;0.0;0.0;0.0;0.0;0.0;0.0;0.0;0.0;0.0;0.0;0.0;0.0;0.0;147.6;0.0;0.0;0.0;0.0;0.0;0.0;0.0;0.0;0.0;0.0;0.0;0.0;0.0;0.0;0.0;0.0;0.0;0.0;0.0;0.0;0.0;0.0;0.0;0.0;0.0;0.0;0.0;0.0;0.0;0.0;0.0;0.0;0.0;0.0;0.0;0.0;0.0;0.0;0.0;0.0;0.0
Antigua og Barbuda;0.0;0.0;0.0;0.0;0.0;0.0;0.0;0.0;0.0;0.0;0.0;0.0;0.0;0.0;0.0;0.0;0.0;0.0;0.0;0.0;0.0;0.0;0.0;0.0;0.0;0.0;0.0;0.0;0.0;0.0;0.0;0.0;0.0;0.0;0.0;0.0;0.0;0.0;0.0;0.0;0.0;0.0;0.0;0.0;0.0;0.0;0.0;0.0;0.0;0.0;0.0;0.0;0.0;0.0;0.0;0.0;0.0;0.0;0.0;0.0;0.0;0.0;215.7;0.0;0.0;0.0;46.0;0.0;0.0;0.0;0.0;0.0;0.0;0.0;0.0;640.1;0.0;0.0;0.0;0.0;0.0;0.0;0.0;0.0;0.0;0.0;0.0;0.0;0.0;0.0;0.0;0.0;0.0;0.0;0.0;0.0;0.0;257.8;0.0;0.0;0.0;0.0;373.1;863.2;109.0;0.0;0.0;896.9;0.0;0.0;0.0;0.0;0.0;0.0;0.0;0.0;0.0;0.0;0.0;0.0;0.0;0.0;0.0
Argentina;0.0;0.0;0.0;0.0;0.0;0.0;0.0;0.0;0.0;0.0;0.0;0.0;0.0;0.0;0.0;0.0;0.0;0.0;0.0;0.0;0.0;0.0;0.0;0.0;0.0;0.0;0.0;0.0;0.0;0.0;0.0;0.0;0.0;0.0;0.0;0.0;0.0;0.0;0.0;0.0;0.0;0.0;0.0;0.0;745.0;0.0;0.0;0.0;0.0;0.0;0.0;0.0;0.0;0.0;0.0;0.0;0.0;0.0;0.0;0.0;0.0;0.0;0.0;9750.0;0.0;0.0;0.0;0.0;190000.0;0.0;0.0;0.0;0.0;0.0;361.8;0.0;0.0;0.0;0.0;0.0;0.0;0.0;0.0;0.0;0.0;0.0;0.0;0.0;0.0;0.0;0.0;0.0;0.0;0.0;0.0;0.0;0.0;0.0;0.0;0.0;0.0;0.0;0.0;0.0;0.0;0.0;0.0;0.0;0.0;0.0;0.0;0.0;0.0;0.0;0.0;0.0;0.0;0.0;0.0;0.0;0.0;56.9;0.0
Aruba;0.0;0.0;0.0;0.0;0.0;0.0;0.0;0.0;0.0;0.0;0.0;0.0;0.0;0.0;0.0;0.0;0.0;0.0;0.0;0.0;0.0;0.0;0.0;0.0;0.0;0.0;0.0;0.0;0.0;0.0;0.0;0.0;0.0;0.0;0.0;0.0;0.0;0.0;0.0;0.0;0.0;0.0;0.0;0.0;0.0;0.0;0.0;0.0;0.0;0.0;0.0;0.0;0.0;0.0;0.0;0.0;0.0;0.0;0.0;0.0;0.0;0.0;0.0;0.0;0.0;0.0;0.0;0.0;0.0;16.0;0.0;18.0;0.0;0.0;18.1;0.0;0.0;0.0;0.0;0.0;0.0;0.0;0.0;0.0;0.0;0.0;0.0;0.0;0.0;0.0;0.0;0.0;0.0;0.0;0.0;0.0;0.0;0.0;0.0;0.0;0.0;0.0;0.0;0.0;0.0;0.0;0.0;0.0;0.0;0.0;0.0;0.0;0.0;0.0;0.0;0.0;0.0;0.0;0.0;0.0;0.0;0.0;0.0
Aserbadjan;0.0;0.0;0.0;0.0;0.0;0.0;0.0;0.0;0.0;0.0;0.0;0.0;0.0;0.0;0.0;0.0;0.0;0.0;0.0;0.0;0.0;0.0;0.0;0.0;0.0;0.0;0.0;0.0;0.0;0.0;0.0;0.0;0.0;0.0;0.0;0.0;0.0;0.0;0.0;0.0;0.0;0.0;0.0;0.0;0.0;0.0;0.0;0.0;0.0;0.0;0.0;0.0;0.0;0.0;0.0;0.0;0.0;0.0;0.0;0.0;0.0;0.0;0.0;0.0;0.0;0.0;0.0;0.0;0.0;0.0;0.0;0.0;0.0;0.0;0.0;0.0;0.0;0.0;0.0;471.7;0.0;0.0;1233.8;0.0;0.0;0.0;0.0;325.5;0.0;0.0;0.0;0.0;0.0;2298.8;0.0;0.0;0.0;113.0;0.0;0.0;0.0;0.0;0.0;207.8;2586.5;332.6;0.0;0.0;0.0;0.0;49.8;0.0;0.0;0.0;0.0;0.0;0.0;0.0;0.0;392.1;0.0;0.0;0.0
Avstralia;0.0;0.0;0.0;0.0;269.6;2113.3;1941.7;415.9;1399.6;217.7;1588.5;1229.6;1190.4;0.0;0.0;0.0;604.0;393.6;0.0;0.0;0.0;0.0;149.4;0.0;21.9;0.0;0.0;25.9;27.1;0.0;0.0;2723.2;1.1;0.0;0.0;0.0;0.0;0.0;0.0;0.0;0.0;0.0;0.0;0.0;0.0;0.0;0.0;0.0;0.0;0.0;0.0;0.0;0.0;0.0;0.0;0.0;0.0;0.0;2.4;0.0;0.0;182.7;0.0;0.0;0.0;31.5;0.0;18.3;0.0;0.0;0.0;0.0;19.5;156.5;0.0;0.0;0.0;0.0;0.0;0.0;0.0;0.0;39.2;0.0;0.0;0.0;0.0;0.0;23090.0;0.0;0.0;0.0;0.0;0.0;441.1;0.0;0.0;0.0;0.0;0.0;0.0;0.0;0.0;0.0;0.0;31.3;0.0;0.0;0.0;247.6;0.0;0.0;0.0;0.0;0.0;0.0;0.0;0.0;0.0;0.0;0.0;0.0;0.0
Bahamaoyggjar;0.0;0.0;0.0;0.0;0.0;0.0;0.0;0.0;0.0;0.0;0.0;0.0;0.0;0.0;0.0;0.0;0.0;0.0;0.0;0.0;0.0;0.0;0.0;0.0;0.0;0.0;0.0;0.0;0.0;0.0;0.0;0.0;0.0;0.0;0.0;0.0;0.0;0.0;0.0;0.0;0.0;0.0;0.0;0.0;0.0;0.0;0.0;0.0;0.0;0.0;0.0;0.0;0.0;0.0;0.0;0.0;0.0;205.3;0.0;0.0;189.0;0.0;357.9;0.0;0.0;0.0;0.0;724.4;0.0;0.0;0.0;0.0;0.0;0.0;0.0;0.0;0.0;0.0;0.0;988.9;0.0;0.0;321.9;417.1;0.0;0.0;0.0;0.0;0.0;0.0;0.0;0.0;0.0;2067.0;3327.1;0.0;1056.6;1056.6;4634.9;1850.6;109.8;395.1;961.6;440.7;0.0;90.8;298.7;1009.4;573.8;0.0;160.1;541.6;582.0;739.6;0.0;367.8;15.3;8088.8;11564.8;1438.6;1437.0;174.7;2847.7
Barbados;0.0;0.0;0.0;0.0;0.0;0.0;0.0;0.0;0.0;0.0;0.0;0.0;0.0;0.0;0.0;0.0;0.0;0.0;0.0;0.0;0.0;0.0;0.0;0.0;0.0;0.0;0.0;0.0;0.0;0.0;0.0;0.0;0.0;0.0;0.0;0.0;0.0;0.0;0.0;0.0;0.0;0.0;0.0;0.0;0.0;0.0;0.0;0.0;0.0;0.0;0.0;0.0;0.0;0.0;0.0;0.0;0.0;0.0;665.6;0.0;0.0;0.0;0.0;0.0;0.0;0.0;0.0;0.0;0.0;0.0;0.0;0.0;0.0;0.0;0.0;0.0;0.0;0.0;0.0;0.0;0.0;0.0;0.0;0.0;0.0;0.0;0.0;0.0;0.0;0.0;0.0;0.0;0.0;0.0;0.0;0.0;0.0;0.0;0.0;0.0;0.0;0.0;0.0;0.0;0.0;0.0;0.0;0.0;0.0;0.0;0.0;0.0;0.0;0.0;0.0;0.0;0.0;0.0;0.0;302.4;0.0;0.0;0.0
Barein;0.0;0.0;0.0;500.0;0.0;0.0;0.0;0.0;0.0;0.0;0.0;0.0;0.0;0.0;0.0;0.0;0.0;0.0;0.0;0.0;0.0;0.0;0.0;0.0;0.0;0.0;0.0;0.0;0.0;0.0;0.0;0.0;0.0;0.0;0.0;0.0;0.0;0.0;0.0;0.0;0.0;0.0;0.0;0.0;0.0;0.0;0.0;0.0;0.0;0.0;0.0;0.0;0.0;0.0;0.0;0.0;0.0;0.0;0.0;0.0;0.0;0.0;0.0;0.0;0.0;0.0;0.0;0.0;0.0;0.0;0.0;0.0;0.0;0.0;0.0;0.0;0.0;0.0;0.0;0.0;0.0;0.0;0.0;0.0;0.0;0.0;0.0;0.0;0.0;0.0;0.0;0.0;0.0;0.0;0.0;0.0;0.0;0.0;0.0;0.0;0.0;0.0;0.0;0.0;0.0;0.0;0.0;0.0;0.0;0.0;0.0;0.0;0.0;0.0;0.0;0.0;0.0;0.0;0.0;0.0;0.0;0.0;0.0
Belgia;0.0;0.0;0.0;0.0;0.0;0.0;0.0;0.0;0.0;0.0;0.0;0.0;0.0;0.0;0.0;0.0;0.0;0.0;0.0;0.0;0.0;0.0;0.0;0.0;0.0;0.0;0.0;0.0;0.0;0.0;164.8;6521.7;6461.5;4624.1;9110.9;7649.8;4756.2;7641.8;5786.5;5997.5;5119.0;1993.2;2219.0;4499.3;2452.0;2821.5;1408.2;2349.0;3605.9;2713.2;1353.3;3312.0;2910.5;885.3;832.4;2437.9;1571.1;955.5;218.3;1139.8;1526.4;2834.5;4155.9;1046.5;3399.0;4801.7;2492.5;3091.3;3621.9;3511.5;4830.3;5353.3;7719.9;5093.7;5650.4;3566.7;3784.2;2451.3;4167.4;1983.4;1192.4;1347.8;18476.4;1681.0;2820.6;2542.4;2211.3;2095.0;3834.0;6180.7;2155.5;1750.1;6868.9;4758.7;10185.0;18080.5;10082.2;11199.4;12722.1;18631.0;9110.7;17871.0;8925.7;12078.8;7329.1;10061.2;8431.6;10445.2;9726.5;18882.5;8290.3;6408.2;3534.1;3198.2;4995.3;5329.3;2253.6;7348.9;8966.6;6755.8;4672.2;6765.6;44691.8
Belgia og Luksemborg;11458.5;6889.3;4794.7;4083.0;3775.0;5855.8;6758.3;3992.2;1470.1;881.9;1804.2;2563.9;4422.7;2752.6;2171.5;2229.6;2579.4;2863.4;5825.4;2633.2;4610.8;3330.5;2301.3;3310.9;0.0;0.0;0.0;0.0;0.0;0.0;0.0;0.0;0.0;0.0;0.0;0.0;0.0;0.0;0.0;0.0;0.0;0.0;0.0;0.0;0.0;0.0;0.0;0.0;0.0;0.0;0.0;0.0;0.0;0.0;0.0;0.0;0.0;0.0;0.0;0.0;0.0;0.0;0.0;0.0;0.0;0.0;0.0;0.0;0.0;0.0;0.0;0.0;0.0;0.0;0.0;0.0;0.0;0.0;0.0;0.0;0.0;0.0;0.0;0.0;0.0;0.0;0.0;0.0;0.0;0.0;0.0;0.0;0.0;0.0;0.0;0.0;0.0;0.0;0.0;0.0;0.0;0.0;0.0;0.0;0.0;0.0;0.0;0.0;0.0;0.0;0.0;0.0;0.0;0.0;0.0;0.0;0.0;0.0;0.0;0.0;0.0;0.0;0.0
Belis;0.0;0.0;0.0;0.0;186.5;670.9;402.1;484.6;519.2;26.9;0.0;0.0;0.0;0.0;0.0;0.0;0.0;0.0;0.0;0.0;0.0;0.0;0.0;0.0;0.0;0.0;0.0;0.0;0.0;0.0;0.0;0.0;0.0;0.0;0.0;0.0;0.0;0.0;0.0;0.0;0.0;0.0;0.0;0.0;0.0;0.0;0.0;0.0;0.0;0.0;0.0;0.0;0.0;0.0;0.0;0.0;0.0;0.0;0.0;0.0;0.0;0.0;11.2;0.0;0.0;306.6;0.0;0.0;0.0;0.0;0.0;0.0;0.0;0.0;86.8;0.0;0.0;0.0;10.6;0.0;0.0;0.0;0.0;0.0;0.0;0.0;0.0;0.0;0.0;0.0;0.0;0.0;0.0;0.0;0.0;0.0;0.0;0.0;0.0;0.0;0.0;0.0;41000.0;0.0;0.0;0.0;0.0;0.0;0.0;0.0;0.0;0.0;0.0;0.0;0.0;0.0;0.0;0.0;0.0;0.0;0.0;0.0;0.0
Benin;0.0;0.0;0.0;0.0;0.0;0.0;0.0;0.0;0.0;0.0;0.0;0.0;0.0;0.0;0.0;0.0;0.0;0.0;0.0;0.0;0.0;0.0;0.0;0.0;0.0;0.0;0.0;0.0;0.0;0.0;0.0;0.0;0.0;0.0;0.0;0.0;0.0;0.0;0.0;0.0;0.0;0.0;0.0;0.0;0.0;0.0;0.0;0.0;0.0;0.0;0.0;0.0;0.0;0.0;0.0;0.0;0.0;0.0;0.0;0.0;0.0;0.0;0.0;0.0;0.0;0.0;0.0;0.0;0.0;0.0;0.0;0.0;0.0;0.0;0.0;0.0;53.0;0.0;0.0;0.0;0.0;0.0;0.0;0.0;0.0;0.0;0.0;511.2;0.0;0.0;335.3;21556.5;900.3;0.0;0.0;0.0;0.0;0.0;0.0;0.0;0.0;0.0;0.0;0.0;0.0;0.0;0.0;685.8;666.3;362.8;257.9;127.2;239.7;1112.5;6783.7;918.4;1015.4;1352.4;0.0;0.0;0.0;0.0;0.0
Bolivia;0.0;0.0;0.0;0.0;0.0;0.0;0.0;0.0;0.0;0.0;0.0;0.0;0.0;0.0;0.0;0.0;0.0;0.0;0.0;0.0;0.0;0.0;0.0;0.0;0.0;0.0;0.0;0.0;0.0;0.0;0.0;0.0;0.0;0.0;0.0;0.0;0.0;0.0;0.0;0.0;0.0;0.0;0.0;0.0;0.0;0.0;0.0;0.0;0.0;0.0;0.0;0.0;0.0;0.0;0.0;0.0;0.0;0.0;0.0;0.0;2.2;0.0;0.0;0.0;0.0;0.0;0.0;0.0;0.0;0.0;0.0;0.0;0.0;0.0;0.0;0.0;0.0;0.0;0.0;0.0;0.0;0.0;0.0;0.0;0.0;0.0;0.0;0.0;0.0;0.0;0.0;0.0;0.0;0.0;0.0;0.0;0.0;0.0;0.0;0.0;0.0;0.0;0.0;0.0;0.0;0.0;0.0;0.0;0.0;0.0;0.0;0.0;0.0;0.0;0.0;0.0;0.0;0.0;0.0;0.0;0.0;0.0;0.0
Brasil;0.0;0.0;0.0;0.0;0.0;0.0;0.0;0.0;0.0;0.0;0.0;0.0;1142.8;656.6;0.0;510.0;0.0;0.0;0.0;0.0;0.0;0.0;0.0;0.0;0.0;0.0;0.0;0.0;0.0;0.0;0.0;0.0;0.0;0.0;0.0;0.0;0.0;0.0;0.0;0.0;0.0;0.0;0.0;0.0;0.0;0.0;0.0;0.0;0.0;0.0;0.0;0.0;0.0;0.0;0.0;0.0;0.0;0.0;0.0;0.0;0.0;0.0;0.0;0.0;0.0;0.0;0.0;0.0;0.0;0.0;37.0;0.0;0.0;0.0;0.0;0.0;0.0;0.0;0.0;0.0;0.0;0.0;0.0;0.0;0.0;0.0;0.0;0.0;0.0;0.0;0.0;0.0;0.0;0.0;0.0;0.0;0.0;0.0;0.0;0.0;0.0;0.0;0.0;0.0;0.0;0.0;0.0;0.0;0.0;0.0;0.0;0.0;0.0;0.0;0.0;0.0;0.0;0.0;0.0;0.0;0.0;0.0;0.0
Bretland;94271.4;126446.6;125775.2;69845.5;87711.9;123788.7;114875.8;97604.7;128859.4;126604.8;153586.0;113915.2;141404.2;140056.9;182466.7;120123.2;146350.4;180408.2;182802.8;177327.4;177898.2;205278.1;182343.3;217333.3;177322.8;197566.3;141384.7;216805.7;223824.5;177468.8;159084.0;210948.1;188819.3;216429.9;208821.6;178353.2;165985.4;305048.5;308612.5;243793.7;169202.6;276440.3;213070.7;205183.7;256556.7;277658.4;209757.4;197346.5;246496.0;274462.5;243827.5;262453.2;290161.8;247128.9;267315.6;216270.9;247098.0;269718.6;244599.6;208102.6;232197.9;274990.1;174868.5;194425.5;190495.4;183411.5;151496.5;181919.1;146586.8;217985.3;208053.3;190694.2;178073.4;219302.7;134380.6;195966.6;181002.4;188254.5;144043.8;117141.0;186568.8;214421.1;134213.4;155261.0;169874.1;191689.2;142740.9;155966.2;169591.6;145443.0;143084.0;134786.9;231429.3;227344.0;182362.8;209775.4;200265.6;244869.9;215462.1;108939.2;210236.8;217730.9;183329.7;228907.0;227884.7;229618.5;191623.1;217894.0;234903.2;145422.0;248131.8;220929.2;217656.2;220370.9;316651.6;299714.7;380183.1;393406.8;423602.4;407875.3;276461.0;304378.4;333205.7
Bulgaria;0.0;0.0;0.0;0.0;0.0;0.0;0.0;0.0;0.0;0.0;0.0;0.0;0.0;0.0;0.0;0.0;0.0;0.0;0.0;0.0;0.0;0.0;0.0;0.0;0.0;0.0;0.0;0.0;0.0;0.0;0.0;0.0;0.0;0.0;0.0;0.0;0.0;0.0;0.0;0.0;0.0;0.0;0.0;0.0;0.0;0.0;0.0;0.0;33.1;0.0;0.0;304.2;0.0;30.4;0.0;46.0;0.0;0.0;0.0;0.0;0.0;0.0;0.0;0.0;0.0;0.0;0.0;0.0;0.0;0.0;3140.4;0.0;0.0;0.0;0.0;4262.2;0.0;0.0;2943.9;0.0;0.0;0.0;0.0;0.0;0.0;0.0;568.2;1703.1;0.0;0.0;0.0;0.0;0.0;0.0;2061.9;0.0;0.0;0.0;0.0;0.0;0.0;662.0;4370.4;3671.4;2831.2;597.4;4586.5;2481.1;726.9;792.7;1262.3;692.8;202.6;8183.7;5252.7;11432.7;6189.3;5684.7;14423.7;2310.1;1401.2;92.7;1093.2
Butan;0.0;0.0;0.0;0.0;0.0;0.0;0.0;0.0;0.0;0.0;0.0;0.0;0.0;0.0;0.0;0.0;0.0;0.0;0.0;0.0;0.0;0.0;0.0;0.0;0.0;0.0;0.0;0.0;0.0;0.0;0.0;0.0;0.0;0.0;0.0;0.0;0.0;0.0;0.0;0.0;0.0;0.0;0.0;0.0;0.0;0.0;0.0;0.0;0.0;0.0;0.0;0.0;0.0;0.0;0.0;0.0;0.0;0.0;0.0;0.0;0.0;0.0;0.0;0.0;0.0;0.0;0.0;0.0;0.0;0.0;0.0;0.0;0.0;0.0;0.0;0.0;0.0;0.0;0.0;0.0;0.0;0.0;0.0;481.4;0.0;0.0;0.0;0.0;0.0;0.0;0.0;0.0;0.0;0.0;0.0;0.0;0.0;0.0;0.0;0.0;0.0;0.0;0.0;0.0;0.0;0.0;0.0;0.0;0.0;0.0;0.0;0.0;0.0;0.0;0.0;0.0;0.0;0.0;0.0;0.0;0.0;0.0;0.0
Ceuta;0.0;0.0;0.0;0.0;0.0;0.0;0.0;0.0;0.0;0.0;0.0;0.0;0.0;0.0;0.0;0.0;0.0;0.0;0.0;0.0;0.0;0.0;0.0;0.0;0.0;0.0;0.0;0.0;0.0;0.0;0.0;273.0;282.9;1386.2;350.1;2328.7;429.1;709.3;457.0;0.0;0.0;0.0;0.0;0.0;0.0;0.0;0.0;0.0;0.0;0.0;0.0;0.0;0.0;0.0;0.0;0.0;0.0;0.0;0.0;0.0;0.0;0.0;0.0;0.0;0.0;0.0;0.0;0.0;0.0;0.0;0.0;0.0;0.0;0.0;0.0;0.0;0.0;0.0;0.0;0.0;0.0;0.0;0.0;0.0;0.0;0.0;0.0;0.0;0.0;0.0;0.0;0.0;0.0;0.0;0.0;0.0;226.7;0.0;0.0;0.0;0.0;0.0;0.0;0.0;0.0;24.3;0.0;0.0;0.0;0.0;0.0;0.0;0.0;0.0;0.0;0.0;0.0;0.0;0.0;0.0;0.0;0.0;0.0
Chagosoyggjar;0.0;0.0;0.0;0.0;0.0;0.0;0.0;0.0;0.0;0.0;0.0;0.0;0.0;0.0;0.0;0.0;0.0;0.0;0.0;0.0;672.4;0.0;0.0;0.0;0.0;0.0;0.0;0.0;0.0;0.0;0.0;0.0;0.0;0.0;0.0;0.0;0.0;0.0;0.0;0.0;0.0;0.0;0.0;0.0;0.0;0.0;0.0;0.0;0.0;0.0;0.0;0.0;0.0;0.0;0.0;0.0;0.0;0.0;0.0;0.0;0.0;0.0;0.0;0.0;0.0;0.0;0.0;0.0;0.0;0.0;0.0;0.0;0.0;0.0;0.0;0.0;0.0;0.0;0.0;0.0;0.0;0.0;0.0;0.0;0.0;0.0;0.0;0.0;0.0;0.0;0.0;0.0;0.0;0.0;0.0;0.0;0.0;0.0;0.0;0.0;0.0;0.0;0.0;0.0;0.0;0.0;0.0;0.0;0.0;0.0;0.0;0.0;0.0;0.0;0.0;0.0;0.0;0.0;0.0;0.0;0.0;0.0;0.0
Danmark;113819.5;119945.6;141896.1;169466.7;133464.2;103210.4;138318.2;175823.7;121765.9;109724.7;95364.2;122053.6;139789.2;160318.0;133883.9;157994.8;160944.5;132885.9;199345.2;149630.1;178965.9;176030.7;150233.9;200162.0;204835.8;216623.1;196177.1;277923.7;219991.0;219465.5;222628.2;255809.2;272027.1;246416.2;296492.4;282039.5;228140.7;223793.8;201521.2;197582.2;228966.4;185621.1;209980.5;285904.8;211294.6;178073.8;150088.6;179244.3;173936.2;130870.8;111264.6;100891.7;122208.1;83744.1;117433.4;142153.1;146828.6;126307.4;87113.3;160672.9;162239.6;128545.4;72085.3;159722.5;137041.4;103465.7;112257.6;87169.6;134234.1;101250.8;103225.7;142162.8;112390.0;98380.5;114108.3;82776.8;139133.5;96166.1;66643.3;93431.6;129278.9;57075.2;144675.5;94921.4;115177.6;141675.2;106940.3;71687.6;145178.9;118703.2;110476.8;153251.9;204716.7;182815.7;112806.2;124469.4;135780.4;220180.3;121239.5;92481.0;125609.2;182396.7;153642.5;244165.3;225659.2;278758.3;302568.5;256212.7;196901.2;180868.9;186988.2;343557.0;310224.2;366896.7;280597.7;325047.9;303443.7;386105.6;517121.4;478221.1;460201.2;390336.9;814696.4
Dominika;0.0;0.0;0.0;0.0;0.0;0.0;0.0;0.0;0.0;0.0;0.0;0.0;0.0;0.0;0.0;0.0;0.0;0.0;0.0;0.0;0.0;0.0;0.0;0.0;0.0;0.0;0.0;0.0;0.0;0.0;0.0;0.0;0.0;0.0;0.0;0.0;0.0;0.0;0.0;0.0;0.0;0.0;0.0;0.0;0.0;0.0;0.0;0.0;0.0;0.0;0.0;0.0;0.0;0.0;0.0;0.0;0.0;0.0;0.0;0.0;0.0;0.0;0.0;0.0;0.0;0.0;0.0;0.0;0.0;0.0;0.0;0.0;0.0;0.0;0.0;0.0;0.0;0.0;0.0;0.0;0.0;0.0;0.0;0.0;0.0;625.7;0.0;0.0;0.0;710.0;0.0;0.0;0.0;0.0;0.0;0.0;0.0;0.0;0.0;0.0;0.0;0.0;0.0;0.0;0.0;0.0;0.0;0.0;0.0;0.0;0.0;0.0;0.0;0.0;0.0;0.0;0.0;0.0;0.0;0.0;0.0;0.0;0.0
Dominikalýðveldið;0.0;22.6;3.5;168.6;447.5;0.0;48.7;236.2;0.0;0.0;0.0;0.0;0.0;0.0;0.0;0.0;0.0;0.0;0.0;0.0;0.0;0.0;0.0;0.0;0.0;0.0;0.0;0.0;0.0;0.0;0.0;0.0;0.0;0.0;0.0;0.0;0.0;0.0;0.0;0.0;0.0;0.0;0.0;0.0;0.0;0.0;0.0;0.0;0.0;0.0;0.0;0.0;0.0;0.0;0.0;410.9;1280.8;1928.5;0.0;0.0;0.0;0.0;0.0;0.0;0.0;0.0;0.0;0.0;0.0;0.0;0.0;0.0;0.0;0.0;0.0;0.0;0.0;0.0;0.0;0.0;0.0;0.0;0.0;0.0;0.0;0.0;0.0;0.0;0.0;0.0;0.0;0.0;0.0;53.6;0.0;0.0;219.7;519.0;0.0;0.0;0.0;0.0;0.0;0.0;0.0;0.0;0.0;0.0;0.0;0.0;0.0;0.0;0.0;0.0;0.0;0.0;0.0;0.0;0.0;0.0;0.0;70.0;0.0
Egyptaland;0.0;0.0;0.0;0.0;0.0;0.0;0.0;0.0;0.0;0.0;0.0;2085.5;699.2;2489.6;5290.0;5319.5;0.0;0.0;1226.0;2818.0;0.0;0.0;0.0;0.0;1283.1;1171.7;1071.2;0.0;0.0;0.0;0.0;0.0;0.0;0.0;0.0;0.0;0.0;0.0;0.0;0.0;0.0;0.0;0.0;0.0;0.0;0.0;0.0;0.0;0.0;0.0;0.0;0.0;0.0;0.0;0.0;0.0;0.0;0.0;0.0;0.0;0.0;0.0;0.0;0.0;5211.5;542.9;1271.0;0.0;0.0;0.0;0.0;0.0;0.0;0.0;0.0;0.0;0.0;0.0;1282.3;424.3;0.0;1678.2;1646.6;0.0;0.0;0.0;8978.4;29484.4;0.0;0.0;7907.4;10310.8;12748.1;1400.5;2021.0;2742.5;5900.1;0.0;0.0;0.0;0.0;0.0;0.0;1020.7;0.0;0.0;12214.3;0.0;523.6;0.0;35505.1;35695.5;2244.8;840.6;29791.1;54183.9;8629.2;5311.5;36160.4;27566.3;38157.4;11572.0;36452.5
Ekvador;0.0;0.0;0.0;0.0;0.0;0.0;0.0;0.0;0.0;0.0;0.0;0.0;0.0;0.0;0.0;0.0;0.0;0.0;0.0;0.0;0.0;0.0;0.0;0.0;0.0;0.0;0.0;0.0;0.0;0.0;0.0;0.0;0.0;0.0;0.0;0.0;0.0;0.0;0.0;0.0;0.0;0.0;0.0;0.0;0.0;0.0;0.0;0.0;0.0;0.0;0.0;0.0;0.0;0.0;0.0;0.0;0.0;0.0;0.0;0.0;0.0;0.0;0.0;0.0;297.6;0.0;0.0;0.0;0.0;0.0;0.0;0.0;0.0;0.0;0.0;0.0;0.0;0.0;0.0;0.0;0.0;0.0;0.0;0.0;0.0;0.0;0.0;175.2;0.0;0.0;0.0;0.0;0.0;0.0;0.0;0.0;0.0;0.0;0.0;0.0;0.0;0.0;0.0;0.0;0.0;0.0;0.0;0.0;0.0;0.0;0.0;0.0;0.0;0.0;0.0;0.0;0.0;0.0;0.0;0.0;0.0;0.0;0.0
Estland;0.0;0.0;0.0;0.0;0.0;0.0;0.0;0.0;0.0;0.0;0.0;187.0;0.0;0.0;0.0;0.0;0.0;0.0;515.4;0.0;0.0;0.0;0.0;0.0;0.6;1297.7;0.0;48000.0;2872.6;0.0;0.0;0.0;0.0;294.5;453.6;0.0;273.8;0.0;0.0;327.0;246.8;0.0;145.0;0.0;0.0;3080.6;511.6;1423.4;3419.0;1579.3;296.8;996.4;814.4;407.5;2284.1;2018.8;1506.7;0.0;473.1;3783.6;3348.2;7352.9;10981.8;2613.3;86.4;7912.9;2188.4;3878.3;1440.6;630.1;0.0;2527.0;737.1;13941.4;2263.8;1635.2;470.3;0.0;519.7;923.4;196.5;1893.4;4769.6;3475.3;4599.4;3250.3;2861.5;2754.0;430.3;0.0;0.0;849.7;717.3;0.0;994.8;1038.1;298.1;227.8;3423.0;2129.3;2772.9;2695.5;316.3;2938.2;1013.8;324.7;1677.3;920.0;1856.3;1345.8;1329.0;1865.8;1477.7;642.3;889.3;8550.3;866.8;7444.6;8409.6;11104.2;4141.1;2516.1;316.2
Etiopia;0.0;0.0;0.0;0.0;0.0;0.0;0.0;0.0;0.0;0.0;0.0;0.0;0.0;0.0;0.0;0.0;0.0;0.0;0.0;0.0;0.0;0.0;0.0;0.0;0.0;0.0;0.0;0.0;0.0;0.0;0.0;0.0;0.0;0.0;0.0;0.0;0.0;0.0;0.0;0.0;0.0;0.0;0.0;0.0;0.0;0.0;123.0;0.0;0.0;0.0;0.0;0.0;0.0;0.0;0.0;0.0;0.0;0.0;0.0;0.0;0.0;0.0;0.0;0.0;0.0;0.0;0.0;0.0;0.0;0.0;0.0;0.0;0.0;0.0;0.0;0.0;0.0;0.0;0.0;0.0;0.0;0.0;0.0;0.0;0.0;0.0;0.0;0.0;0.0;0.0;0.0;0.0;0.0;0.0;0.0;0.0;0.0;0.0;0.0;0.0;0.0;0.0;0.0;0.0;0.0;0.0;0.0;0.0;0.0;0.0;0.0;0.0;0.0;0.0;0.0;0.0;0.0;0.0;0.0;0.0;0.0;0.0;0.0
Eysturríki;0.0;0.0;0.0;0.0;0.0;0.0;0.0;0.0;0.0;0.0;0.0;0.0;0.0;0.0;0.0;77.2;0.0;0.0;0.0;106.7;0.0;0.0;0.0;0.0;0.0;816.6;0.0;0.0;0.0;35.9;0.0;82.5;1473.8;574.5;1957.1;1533.9;999.7;430.1;538.4;1905.4;1380.3;1773.5;0.0;28.2;0.0;0.0;0.0;0.0;0.0;0.0;0.0;0.0;0.0;1.3;0.0;0.0;0.0;0.0;0.0;59.0;0.0;0.0;0.0;26.4;131.4;0.0;0.0;87.5;0.0;140.4;0.0;114.1;172.2;0.0;0.0;114.1;0.0;133.0;0.0;989.6;447.7;0.0;872.9;635.7;1410.2;1525.3;1304.4;684.5;1799.3;5.6;1025.5;1993.1;811.5;394.4;1628.7;920.8;2469.7;2320.9;30.7;3199.6;1420.4;1603.6;1706.3;2734.8;3923.7;1928.4;3058.1;3002.0;3742.4;5280.1;6246.1;4411.2;4933.8;2607.9;3816.5;1319.4;7024.1;2277.1;4190.5;2671.0;4020.7;4900.8;1552.1
Eysturtýskland;0.0;0.0;0.0;0.0;0.0;0.0;0.0;0.0;0.0;0.0;0.0;0.0;0.0;0.0;0.0;0.0;0.0;0.0;0.0;0.0;0.0;0.0;0.0;0.0;0.0;0.0;0.0;0.0;0.0;0.0;0.0;0.0;0.0;0.0;0.0;0.0;0.0;0.0;0.0;0.0;0.0;0.0;0.0;0.0;0.0;0.0;0.0;0.0;0.0;0.0;0.0;0.0;0.0;0.0;0.0;0.0;0.0;0.0;0.0;0.0;0.0;0.0;0.0;0.0;0.0;0.0;0.0;0.0;0.0;0.0;0.0;0.0;0.0;0.0;0.0;0.0;0.0;0.0;0.0;0.0;0.0;0.0;0.0;0.0;0.0;0.0;0.0;0.0;0.0;0.0;0.0;0.0;0.0;0.0;0.0;0.0;0.0;0.0;0.0;0.0;0.0;0.0;0.0;0.0;0.0;0.0;0.0;0.0;0.0;0.0;0.0;0.0;0.0;0.0;0.0;0.0;0.0;0.0;0.0;0.0;0.0;0.0;0.0
Filipsoyggjar;0.0;0.0;0.0;0.0;0.0;0.0;0.0;0.0;0.0;0.0;0.0;0.0;0.0;0.0;0.0;0.0;0.0;0.0;0.0;0.0;0.0;0.0;0.0;0.0;0.0;0.0;0.0;0.0;0.0;83.2;0.0;0.0;0.0;0.0;0.0;0.0;0.0;0.0;0.0;0.0;0.0;0.0;238.0;313.6;206.7;388.5;413.0;301.3;248.7;675.1;166.4;661.7;564.2;210.3;150.1;241.7;808.5;273.7;188.5;160.6;120.7;503.1;429.8;845.1;601.0;159.2;336.9;1252.0;1330.7;568.3;481.2;2715.9;187.2;221.9;400.2;495.3;1364.2;603.0;411.5;805.2;389.8;896.7;1081.5;567.4;1109.3;446.7;0.0;192.9;250.2;518.6;575.4;273.0;0.0;0.0;0.0;0.0;0.0;0.0;0.0;270.6;0.0;0.0;0.0;0.0;427.1;88.3;0.0;0.0;664.2;668.1;0.0;587.7;1987.2;214.1;0.0;0.0;0.0;177.1;198.7;486.8;0.0;1240.1;3146.2
Finnland;1123.6;2340.4;3046.6;2890.9;3961.2;5655.3;10493.3;4677.8;3163.5;3731.3;4243.3;3618.9;3987.1;3158.1;3759.3;3414.0;3890.3;3883.3;2660.4;3495.0;3039.1;4904.6;5068.8;3581.9;2167.7;1512.8;1556.6;1773.6;1753.9;0.0;0.1;0.0;37.5;0.0;213.9;2047.8;2236.6;1244.2;3797.2;7596.0;3737.6;5842.3;2787.9;12402.2;2548.6;1691.0;4026.0;7853.5;5854.9;6727.9;3472.9;4837.2;3606.8;3148.3;14095.8;5353.6;6975.9;4262.3;6134.8;3202.4;7535.6;8973.2;9409.7;7180.7;11537.3;9737.7;8404.4;11005.7;10900.9;11032.9;7794.8;6233.1;602.9;301.6;318.1;304.4;230.8;0.0;253.5;0.0;510.0;260.8;489.3;216.4;205.1;208.2;212.9;238.7;396.2;220.5;228.3;262.1;236.3;233.7;259.6;511.5;717.7;264.4;236.3;184.1;2338.1;200.8;402.7;147.7;0.0;356.9;0.0;251.0;301.9;1346.7;0.0;275.5;209.4;330.3;194.0;0.0;0.0;428.0;0.0;639.0;0.0;374.0;4594.5
Fílabeinsstrondin;0.0;0.0;0.0;0.0;0.0;0.0;0.0;0.0;0.0;0.0;0.0;0.0;0.0;0.0;0.0;0.0;0.0;0.0;0.0;0.0;0.0;0.0;0.0;0.0;0.0;0.0;0.0;0.0;0.0;0.0;0.0;0.0;0.0;0.0;0.0;0.0;0.0;0.0;0.0;0.0;0.0;0.0;0.0;0.0;0.0;0.0;0.0;0.0;0.0;0.0;0.0;0.0;0.0;0.0;0.0;0.0;0.0;0.0;0.0;0.0;0.0;0.0;0.0;0.0;0.0;0.0;0.0;0.0;0.0;0.0;0.0;0.0;0.0;0.0;0.0;0.0;0.0;0.0;0.0;0.0;0.0;0.0;3618.2;0.0;0.0;0.0;0.0;0.0;0.0;0.0;0.0;0.0;1376.2;0.0;0.0;5758.2;0.0;2227.9;0.0;0.0;0.0;0.0;0.0;0.0;379.0;0.0;0.0;0.0;0.0;0.0;0.0;105.3;1318.9;0.0;3520.9;0.0;0.0;2411.5;1391.1;662.4;0.0;0.0;0.0
Frakland;66325.1;54456.7;56641.3;61708.1;61980.9;48825.7;50372.0;72292.9;53795.1;41412.0;28292.8;44400.8;59832.4;38947.5;39613.7;58368.2;55490.2;33374.3;47380.9;59389.0;51521.4;60611.5;90936.3;67515.8;74786.2;66566.4;73113.8;103140.2;73482.6;54509.5;76534.6;96063.1;107294.1;103225.3;121200.1;93509.5;80165.9;84976.9;78097.9;93023.4;116714.1;82342.8;82967.0;85702.6;88138.6;81942.7;66574.2;68636.6;71310.5;71960.7;68864.5;82462.3;106592.9;91499.0;78760.9;106690.0;114452.3;75182.4;55864.2;53982.9;67332.6;100969.0;88686.7;90171.4;120843.3;109838.6;98139.3;111892.0;117476.6;106831.4;89874.2;100452.7;97664.0;90130.3;70611.3;60896.8;118760.7;102684.3;96332.5;79729.0;79657.0;88764.8;62766.4;84976.8;90846.4;85260.4;52441.7;60199.9;69233.2;51237.3;60432.5;85898.9;88276.0;94508.4;64437.6;121497.8;84102.5;48276.1;55768.7;61543.9;56527.5;43581.8;37897.1;98356.6;87122.6;50842.0;46683.7;63347.0;70054.7;85472.3;74991.6;70999.1;94083.5;81395.4;84752.7;166389.1;86509.2;117422.7;98217.3;158828.5;149813.0;109044.0;106176.0
Gabon;0.0;0.0;0.0;0.0;0.0;0.0;0.0;0.0;0.0;0.0;0.0;0.0;0.0;0.0;0.0;0.0;0.0;0.0;0.0;0.0;0.0;0.0;0.0;0.0;0.0;0.0;0.0;0.0;0.0;0.0;0.0;0.0;0.0;0.0;0.0;0.0;0.0;0.0;0.0;0.0;0.0;0.0;0.0;0.0;0.0;0.0;0.0;0.0;0.0;0.0;0.0;0.0;0.0;0.0;0.0;0.0;0.0;0.0;0.0;0.0;0.0;0.0;0.0;0.0;0.0;0.0;0.0;0.0;0.0;0.0;0.0;0.0;0.0;0.0;0.0;0.0;0.0;0.0;0.0;0.0;1716.1;0.0;0.0;0.0;0.0;0.0;0.0;0.0;0.0;0.0;0.0;0.0;0.0;0.0;0.0;0.0;0.0;0.0;0.0;0.0;0.0;0.0;236.2;236.3;0.0;0.0;0.0;0.0;0.0;0.0;0.0;0.0;0.0;0.0;0.0;0.0;0.0;0.0;688.4;317.2;0.0;0.0;529.3
Gambia;0.0;0.0;0.0;0.0;0.0;0.0;0.0;0.0;0.0;0.0;0.0;0.0;0.0;0.0;0.0;0.0;0.0;0.0;0.0;0.0;0.0;0.0;0.0;0.0;0.0;0.0;0.0;0.0;0.0;0.0;0.0;0.0;0.0;0.0;0.0;0.0;0.0;0.0;0.0;0.0;0.0;0.0;0.0;0.0;707.9;0.0;0.0;0.0;0.0;0.0;0.0;0.0;0.0;0.0;0.0;0.0;0.0;0.0;0.0;0.0;0.0;0.0;0.0;0.0;0.0;0.0;0.0;0.0;0.0;0.0;0.0;0.0;0.0;0.0;0.0;0.0;0.0;0.0;0.0;0.0;0.0;0.0;0.0;0.0;0.0;0.0;0.0;0.0;0.0;0.0;0.0;0.0;0.0;0.0;0.0;0.0;0.0;0.0;0.0;0.0;0.0;0.0;0.0;0.0;0.0;0.0;0.0;0.0;0.0;0.0;0.0;0.0;0.0;0.0;0.0;0.0;0.0;0.0;0.0;0.0;0.0;0.0;0.0
Gana;0.0;0.0;20.0;0.0;0.0;0.0;0.0;0.0;0.0;0.0;0.0;0.0;0.0;0.0;0.0;0.0;0.0;0.0;0.0;0.0;0.0;0.0;0.0;0.0;0.0;0.0;0.0;0.0;0.0;0.0;0.0;0.0;0.0;0.0;0.0;0.0;0.0;0.0;0.0;0.0;0.0;0.0;0.0;0.0;0.0;0.0;0.0;0.0;0.0;0.0;0.0;0.0;0.0;0.0;0.0;0.0;0.0;5600.0;0.0;0.0;0.0;0.0;0.0;0.0;0.0;0.0;0.0;0.0;0.0;0.0;0.0;0.0;98.9;0.0;0.0;5.5;0.0;89.4;29906.9;128.0;0.0;0.0;26525.5;0.0;0.0;7912.7;224.2;1091.3;0.0;3085.0;161.6;19615.2;1728.2;0.0;6392.6;5679.3;0.0;0.0;6149.2;0.0;2527.0;2861.1;7561.1;451.5;1638.1;0.0;279.1;7167.4;5204.0;1095.3;29422.2;12013.0;3220.5;570.2;30563.6;0.0;326.3;2913.8;27454.1;3601.3;8658.6;3480.5;3742.7
Georgia;0.0;0.0;0.0;0.0;0.0;0.0;0.0;0.0;0.0;0.0;0.0;0.0;0.0;0.0;0.0;0.0;0.0;0.0;0.0;0.0;0.0;0.0;0.0;0.0;0.0;0.0;0.0;0.0;0.0;0.0;0.0;0.0;0.0;0.0;0.0;0.0;0.0;0.0;0.0;0.0;0.0;0.0;0.0;0.0;0.0;0.0;0.0;0.0;0.0;0.0;0.0;0.0;0.0;0.0;0.0;0.0;0.0;0.0;0.0;0.0;0.0;0.0;0.0;0.0;0.0;0.0;0.0;562.5;0.0;0.0;0.0;0.0;0.0;0.0;1006.2;0.0;0.0;0.0;883.7;531.3;0.0;0.0;0.0;0.0;0.0;0.0;0.0;1087.2;772.3;1919.1;0.0;377.5;137.7;0.0;786.6;1297.4;0.0;1056.8;344.9;0.0;2124.5;669.8;2868.2;1344.4;1172.1;99.5;1348.0;602.6;1232.9;246.6;732.0;384.1;109.0;0.0;1647.8;2602.4;217.3;229.2;1267.7;1777.2;575.2;564.9;0.0
Gibraltar;0.0;0.0;0.0;0.0;0.0;0.0;0.0;0.0;0.0;0.0;0.0;0.0;0.0;0.0;0.0;0.0;0.0;0.0;0.0;0.0;0.0;0.0;0.0;0.0;0.0;0.0;0.0;0.0;0.0;0.0;0.0;0.0;0.0;0.0;0.0;0.0;962.5;0.0;0.0;0.0;0.0;0.0;0.0;0.0;0.0;0.0;0.0;0.0;0.0;0.0;0.0;0.0;1193.9;0.0;0.0;0.0;0.0;0.0;0.0;0.0;23.3;0.0;0.0;0.0;0.0;0.0;0.0;1119.1;0.0;0.0;0.0;0.0;0.0;0.0;604.7;0.0;0.0;0.0;0.0;0.0;0.0;0.0;0.0;0.0;0.0;194.7;0.0;2036.2;0.0;0.0;0.0;0.0;0.0;0.0;1766.5;0.0;0.0;0.0;0.0;0.0;0.0;0.0;177.5;0.0;0.0;85.9;1257.2;642.4;0.0;0.0;0.0;88.6;0.0;0.0;0.0;365.3;0.0;724.3;1218.6;0.0;197.7;245.9;309.5
Grikkaland;5616.3;630.2;1411.9;2897.0;3274.0;381.6;3742.8;4538.2;3572.9;1155.5;1042.3;0.0;35.5;0.0;346.9;219.9;241.9;777.8;456.2;1157.1;3055.2;1742.1;653.0;1085.5;758.5;1089.6;2792.2;1581.7;1466.5;1264.7;3177.9;1948.5;3448.9;2705.7;5290.1;1933.6;6855.8;3734.6;4555.2;3328.3;3479.2;2200.1;877.4;1181.3;843.2;912.5;20997.0;2548.5;1608.0;34360.3;10742.6;6375.9;35180.3;0.0;17164.3;482.9;11113.4;21511.2;14519.4;3570.9;19244.8;32465.4;18992.8;2084.1;1344.2;3834.7;2858.9;1789.5;20946.9;1198.7;34270.4;255.2;1079.2;0.0;277.0;17741.0;2464.0;25673.9;1193.6;720.6;1538.4;26249.7;105.9;359.0;13264.8;87.5;831.0;1483.9;2179.8;1327.7;857.7;768.0;1636.4;3060.4;1296.6;353.5;4227.1;27561.7;1397.9;1815.5;3962.0;29962.1;0.0;598.3;877.4;0.0;1020.1;431.5;5221.8;0.0;978.3;4555.5;5629.0;2122.3;1941.2;2338.5;5859.7;0.0;464.6;1382.3;10596.0;471.5;2785.3
Grønland;125.9;9.4;0.0;2757.8;426.4;1844.5;1673.9;1279.2;609.4;1023.9;713.6;2361.3;1657.6;1539.5;4550.2;1606.7;135.9;303.1;874.1;20.5;1923.1;33134.2;3347.0;17074.3;2181.1;21762.6;1508.7;1074.2;150370.7;5430.9;10851.5;8280.7;519.1;48503.1;5636.0;3357.9;2899.9;712.7;285.0;55155.9;42.9;106.6;224.6;116.8;3174.9;1103.7;1926.4;693.4;3201.2;3345.5;4674.0;195.0;10680.5;6568.5;4488.8;4835.1;2833.9;68996.3;5571.5;17055.7;5672.5;5299.5;7155.9;15594.6;5017.0;6683.0;3114.7;4979.2;4891.7;8655.0;6202.5;3701.0;9445.3;7607.9;8531.4;5143.4;7019.6;11248.2;13932.1;4931.9;9285.3;11298.1;5000.7;9678.8;6527.6;17478.6;10543.5;5272.8;5638.4;15364.6;8857.5;5938.9;5591.3;14584.6;9000.9;6029.6;16982.4;20452.8;10582.1;10059.3;7692.3;15795.0;18057.8;15287.5;13244.7;16601.1;26925.4;7114.1;130601.3;8068.6;41612.2;14114.0;9282.2;21288.7;34472.9;19579.9;10812.9;29038.1;66757.6;14521.4;29344.1;27673.0;50942.4
Guatemala;0.0;0.0;0.0;0.0;0.0;0.0;0.0;0.0;0.0;0.0;0.0;0.0;0.0;0.0;0.0;0.0;0.0;0.0;0.0;0.0;0.0;0.0;0.0;0.0;0.0;0.0;0.0;0.0;0.0;0.0;0.0;0.0;0.0;0.0;0.0;0.0;0.0;0.0;0.0;0.0;0.0;0.0;0.0;0.0;0.0;0.0;0.0;0.0;0.0;0.0;0.0;0.0;0.0;0.0;0.0;0.0;0.0;0.0;0.0;0.0;0.0;0.0;0.0;0.0;0.0;0.0;0.0;291.4;0.0;0.0;0.0;0.0;0.0;0.0;0.0;0.0;0.0;0.0;0.0;0.0;0.0;0.0;0.0;0.0;0.0;0.0;0.0;0.0;0.0;0.0;0.0;0.0;0.0;0.0;0.0;0.0;0.0;0.0;0.0;0.0;0.0;0.0;0.0;0.0;0.0;0.0;0.0;0.0;0.0;0.0;0.0;0.0;0.0;0.0;0.0;0.0;0.0;0.0;0.0;0.0;0.0;0.0;0.0
Guinea;0.0;0.0;0.0;0.0;0.0;0.0;0.0;0.0;0.0;0.0;0.0;0.0;0.0;0.0;0.0;0.0;0.0;0.0;0.0;0.0;0.0;0.0;0.0;0.0;0.0;0.0;0.0;0.0;0.0;0.0;0.0;0.0;0.0;0.0;0.0;0.0;0.0;0.0;0.0;0.0;0.0;0.0;0.0;0.0;0.0;0.0;0.0;0.0;0.0;0.0;0.0;0.0;0.0;0.0;0.0;0.0;0.0;0.0;0.0;0.0;0.0;0.0;0.0;0.0;0.0;0.0;0.0;0.0;0.0;0.0;0.0;0.0;0.0;0.0;0.0;0.0;0.0;0.0;0.0;0.0;0.0;0.0;0.0;0.0;0.0;0.0;0.0;0.0;0.0;0.0;0.0;0.0;0.0;0.0;0.0;0.0;0.0;0.0;0.0;0.0;0.0;0.0;0.0;0.0;0.0;0.0;0.0;0.0;0.0;0.0;0.0;0.0;0.0;0.0;0.0;0.0;0.0;0.0;0.0;0.0;0.0;0.0;0.0
Hong Kong;5482.0;0.0;0.0;0.0;0.0;539.8;0.0;0.0;0.0;184.4;0.0;0.0;0.0;11.5;500.4;0.0;357.6;527.6;0.0;0.0;0.0;0.0;0.0;0.0;0.0;0.0;0.0;626.1;0.0;2321.6;0.0;710.0;0.0;462.5;1613.3;0.0;3389.3;1739.5;165.1;0.0;0.0;571.4;188.0;1013.6;0.0;176.5;0.0;0.0;0.0;0.0;0.0;0.0;0.0;0.0;0.0;578.3;0.0;0.0;0.0;0.0;0.0;0.0;0.0;0.0;402.9;0.0;2461.8;235.5;0.0;112.0;673.9;355.2;90.8;338.8;1676.3;140.5;0.0;606.6;998.3;336.3;203.0;200.4;1189.5;391.7;1364.2;1320.9;3230.0;0.0;0.0;0.0;303.4;637.6;1398.4;467.1;495.3;852.6;1088.5;1831.4;583.5;581.2;63.4;201.2;35.1;217.4;1261.5;494.4;118.1;441.6;1874.1;869.5;145.0;201.4;181.8;2126.6;1197.5;343.2;585.0;0.0;0.0;595.6;662.2;351.3;0.0
Hvítarussland;0.0;0.0;0.0;0.0;0.0;0.0;0.0;0.0;0.0;0.0;0.0;0.0;0.0;119.6;24.1;0.0;0.0;0.0;0.0;0.0;0.0;0.0;0.0;0.0;0.0;0.0;0.0;0.0;0.0;0.0;190.0;2746.8;0.0;0.0;0.0;0.0;0.0;0.0;0.0;0.0;0.0;0.0;2191.8;0.0;0.0;0.0;149.7;1101.9;265.0;0.0;13059.8;7147.7;0.0;0.0;2440.5;12387.7;23.0;10.0;4452.7;113.3;3990.3;204.3;4951.8;8974.9;0.0;0.0;3647.3;2672.4;651.6;265.5;236.2;4203.6;2767.8;0.0;0.0;0.0;3061.4;0.0;0.0;0.0;0.0;0.0;0.0;0.0;0.0;0.0;0.0;0.0;0.0;0.0;0.0;1528.1;329.6;3194.0;6646.9;8375.8;29224.3;4880.8;705.4;5334.8;13056.5;472.8;1375.9;2747.9;18850.0;7198.2;4556.6;19052.3;25725.8;7520.5;3763.3;5209.6;24679.2;24993.4;39383.3;56251.7;25059.4;10990.1;36556.8;130706.9;21071.1;2865.8;3479.9
India;0.0;0.0;0.0;0.0;0.0;0.0;0.0;0.0;0.0;0.0;0.0;0.0;0.0;0.0;0.0;0.0;0.0;0.0;0.0;0.0;0.0;0.0;0.0;0.0;0.0;0.0;0.0;0.0;0.0;0.0;0.0;0.0;0.0;0.0;0.0;0.0;0.0;0.0;0.0;0.0;0.0;0.0;0.0;0.0;0.0;0.0;0.0;0.0;0.0;0.0;0.0;3185.6;0.0;0.0;0.0;0.0;0.0;0.0;0.0;0.0;0.0;0.0;0.0;0.0;0.0;0.0;0.0;0.0;0.0;2.7;225.6;0.0;0.0;0.0;0.0;1012.2;36.2;0.0;0.0;0.0;0.0;0.0;0.0;0.0;0.0;0.0;0.0;0.0;0.0;0.0;0.0;0.0;0.0;0.0;0.0;0.0;0.0;0.0;0.0;0.0;0.0;0.0;0.0;0.0;0.0;0.0;0.0;0.0;0.0;0.0;0.0;0.0;0.0;0.0;0.0;0.0;0.0;0.0;0.0;0.0;0.0;0.0;0.0
Indonesia;0.0;0.0;0.0;0.0;0.0;0.0;3.0;0.0;0.0;0.0;0.0;0.0;0.0;0.0;0.0;0.0;0.0;0.0;0.0;0.0;0.0;0.0;0.0;0.0;0.0;0.0;0.0;0.0;0.0;0.0;0.0;0.0;0.0;0.0;0.0;0.0;0.0;0.0;0.0;0.0;0.0;0.0;0.0;0.0;0.0;0.0;142.7;0.0;0.0;0.0;0.0;0.0;0.0;0.0;0.0;0.0;0.0;0.0;0.0;0.0;0.0;0.0;0.0;0.0;0.0;0.0;362.2;0.0;0.0;0.0;0.0;0.0;0.0;0.0;0.0;0.0;0.0;58.4;0.0;0.0;139.0;1312.6;1363.1;4330.1;4071.3;2102.5;1646.6;1952.9;0.0;0.0;0.0;0.0;420.7;626.9;0.0;0.0;0.0;0.0;0.0;442.7;0.0;0.0;0.0;2351.6;0.0;0.0;0.0;0.0;0.0;0.0;0.0;0.0;0.0;0.0;0.0;0.0;0.0;0.0;0.0;3.0;0.0;0.0;0.0
Italia;17770.1;22569.3;31901.8;33793.3;17231.3;27289.9;38617.1;35307.3;20249.0;15867.4;35230.5;30406.5;16658.2;9885.2;17716.1;31772.7;15128.9;13870.0;18164.9;17423.0;15130.1;21420.6;26083.8;24190.0;21323.8;25196.4;29289.2;24525.4;16099.6;26706.6;33477.1;31250.1;30444.0;31430.8;26558.2;50022.5;30331.5;45835.9;48372.4;50365.2;28663.3;13486.1;37639.7;44429.1;31626.8;28921.2;40565.0;31401.0;19446.4;19323.1;28115.2;32051.5;19864.9;25587.6;25546.2;27955.3;18885.3;12344.9;20773.2;29544.3;19092.0;27594.3;32982.8;40382.7;32518.2;26260.8;30632.2;40865.5;26141.1;42214.2;39612.6;45570.8;29675.1;31227.8;43080.2;52468.4;40109.0;43161.1;42001.5;47125.6;35173.9;30850.7;37252.3;65157.6;29400.5;45460.3;39437.7;59858.6;64449.6;56690.2;51402.8;95405.4;57233.1;37187.4;54170.6;88533.6;71566.7;64265.4;87584.8;69128.8;105404.3;64726.8;69305.3;96594.7;88035.1;85571.7;83229.3;114365.5;81314.6;80855.0;60129.1;64689.4;81160.4;90343.3;68040.1;102140.3;101914.1;93543.1;70373.0;100530.8;104100.1;71877.9;68616.2
Írland;1446.0;0.0;0.0;0.0;0.0;0.0;0.0;0.0;0.0;2025.6;0.0;0.0;96.8;2522.8;511.4;162.3;288.0;6185.0;306.4;270.2;0.0;1225.5;479.9;960.6;2203.1;515.6;497.6;2766.7;2678.4;1709.9;335.8;3107.1;63.9;473.0;371.7;0.0;312.6;398.7;425.1;853.5;613.9;2485.4;420.3;422.6;2216.0;2352.3;1139.8;550.2;743.5;612.4;1158.4;880.9;3090.9;3426.8;4178.9;2605.0;5380.9;1084.2;2710.8;746.1;14828.3;885.4;4619.6;2452.3;454.1;1577.6;898.0;1174.6;2038.5;1168.5;1268.5;77.4;36.5;407.7;0.0;133.6;406.6;1601.2;87.3;382.0;1429.5;1845.8;2283.6;1911.9;2092.8;1849.3;1562.4;3097.5;33.6;4434.1;5.1;578.8;2846.1;69.2;494.8;528.1;523.6;0.0;797.3;1045.0;1398.9;8728.3;529.6;0.0;1067.0;536.0;0.0;1114.9;4148.1;41355.2;1052.3;503.5;3906.0;3362.6;2865.7;3472.1;416.9;3302.8;3490.1;6589.1;23017.5;13307.3;4993.9
Ísland;165.3;1372.2;2278.2;779.4;1235.5;980.3;535.5;1489.6;9581.7;22191.6;14973.8;7517.4;7477.1;21679.1;8101.3;5510.2;24854.4;15183.8;12396.6;7532.0;27282.8;27340.3;23316.3;11678.6;10883.9;8659.1;14213.9;6926.9;11533.2;12785.3;5834.5;35063.4;4624.6;32238.5;12898.2;3726.1;13683.5;15607.1;12202.8;3456.9;31342.1;37055.1;39787.9;1980.2;101011.8;30113.3;36174.8;19291.1;40477.9;17687.9;2912.6;3958.7;42988.3;25172.4;20610.8;16369.6;58763.1;19977.3;24128.1;14046.6;31873.2;36701.3;30234.8;4546.0;31373.0;15421.5;5847.7;6453.5;29783.9;2618.0;33963.8;10624.8;36146.9;14280.4;7157.3;288806.2;35991.9;4330.2;15767.4;291257.0;33823.2;11885.5;17748.6;16121.9;11884.1;23755.8;24319.9;16757.3;82170.2;29186.4;17122.4;14561.3;35076.5;108521.3;35301.4;34912.5;42775.1;33500.2;26493.2;25255.2;28732.0;47990.8;25953.5;40337.7;17442.3;55131.3;29253.6;36257.7;37623.5;77736.5;48682.7;14356.6;23756.3;22614.7;12448.1;14318.0;95203.3;231690.5;13522.6;18598.8;136770.6;93490.4;31651.4
Ísrael;46.3;7985.6;0.0;0.0;0.0;0.0;0.0;0.0;0.0;0.0;0.0;0.0;0.0;0.0;0.0;220.6;0.0;0.0;995.5;0.0;321.0;0.0;0.0;0.0;121.5;0.0;0.0;0.0;0.0;0.0;0.0;123.6;0.0;0.0;0.0;0.0;0.0;0.0;0.0;0.0;0.0;0.0;0.0;208.7;0.0;0.0;0.0;179.5;0.0;0.0;127.9;0.0;0.0;0.0;0.0;542.8;0.0;0.0;0.0;557.5;0.0;0.0;0.0;0.0;0.0;0.0;87.9;0.0;225.5;134.1;0.0;0.0;174.5;0.0;0.0;0.0;0.0;0.0;0.0;1121.9;0.0;0.0;0.0;0.0;0.0;0.0;0.0;0.0;0.0;0.0;0.0;0.0;0.0;0.0;0.0;0.0;0.0;0.0;0.0;126.6;0.0;0.0;0.0;0.0;0.0;0.0;0.0;0.0;0.0;0.0;164.0;0.0;0.0;270.5;0.0;0.0;695.3;9716.8;59327.6;30381.7;2617.1;2728.7;2425.5
Jamaika;0.0;0.0;0.0;0.0;0.0;0.0;0.0;0.0;0.0;0.0;0.0;0.0;0.0;0.0;0.0;0.0;0.0;0.0;0.0;0.0;0.0;0.0;0.0;0.0;0.0;0.0;0.0;0.0;0.0;0.0;0.0;0.0;0.0;0.0;0.0;0.0;0.0;0.0;0.0;0.0;0.0;0.0;385.1;0.0;344.2;0.0;0.0;0.0;0.0;0.0;0.0;0.0;0.0;0.0;0.0;429.9;1603.6;1198.2;434.1;1172.9;0.0;0.0;0.0;0.0;0.0;0.0;0.0;0.0;0.0;0.0;0.0;0.0;0.0;0.0;0.0;0.0;0.0;0.0;943.0;714.5;0.0;0.0;0.0;0.0;0.0;0.0;0.0;0.0;0.0;0.0;0.0;428.4;0.0;0.0;0.0;662.0;0.0;0.0;0.0;0.0;0.0;0.0;0.0;0.0;0.0;0.0;0.0;0.0;0.0;0.0;0.0;209.5;0.0;0.0;0.0;0.0;0.0;0.0;0.0;0.0;0.0;0.0;0.0
Japan;47730.5;1672.1;2173.8;3542.5;12983.5;17974.6;16367.2;8091.7;38378.4;25260.0;5568.9;7386.2;15884.5;32983.0;25613.1;16854.9;20133.5;12952.3;11985.4;6174.5;13171.4;7395.1;9922.0;13263.0;30190.6;30283.0;14064.5;10502.2;21085.2;21459.8;22843.7;19182.2;38665.3;24238.9;22498.8;22066.6;62286.6;39770.7;31442.1;37344.4;45100.8;48146.1;33776.3;31791.1;22414.4;32783.1;45498.5;44756.4;50966.1;27805.9;29209.8;17830.8;33114.1;45344.3;31498.0;19140.9;46928.3;43879.4;15988.9;11949.6;15374.9;6260.2;50359.5;35328.6;15886.1;14471.3;11619.2;12499.7;6176.2;12100.9;21739.1;13330.3;6217.1;7078.6;11488.4;11120.6;10345.4;7024.9;7844.9;10324.8;19150.8;10254.5;12401.5;15461.2;14208.6;10409.8;9347.5;9318.7;17959.0;17356.0;15898.6;9348.6;20058.2;8926.1;3997.6;7190.7;17196.0;19089.9;5114.6;18626.6;11000.8;8392.0;5660.7;26577.4;28571.3;13423.4;8450.9;27647.8;24831.0;7867.1;5274.0;8456.2;8045.1;11225.7;3707.9;9154.3;11856.2;6377.8;9064.9;12563.6;12488.9;9507.2;11711.9
Kabo Verdi;0.0;0.0;0.0;0.0;0.0;0.0;0.0;0.0;0.0;0.0;0.0;0.0;0.0;0.0;0.0;0.0;0.0;0.0;0.0;0.0;0.0;0.0;0.0;0.0;0.0;0.0;0.0;0.0;0.0;0.0;0.0;0.0;0.0;0.0;0.0;0.0;0.0;0.0;0.0;0.0;0.0;0.0;0.0;0.0;0.0;0.0;0.0;0.0;0.0;0.0;0.0;0.0;0.0;3091.2;0.0;0.0;0.0;0.0;0.0;0.0;0.0;0.0;0.0;0.0;0.0;0.0;0.0;0.0;0.0;0.0;0.0;0.0;0.0;0.0;0.0;251.4;0.0;0.0;0.0;0.0;0.0;0.0;0.0;0.0;0.0;0.0;0.0;0.0;0.0;0.0;0.0;0.0;0.0;0.0;0.0;0.0;0.0;0.0;0.0;0.0;0.0;0.0;0.0;0.0;0.0;0.0;0.0;0.0;0.0;0.0;0.0;0.0;0.0;0.0;0.0;0.0;0.0;0.0;0.0;0.0;0.0;0.0;0.0
Kamerun;0.0;0.0;0.0;0.0;0.0;0.0;0.0;0.0;0.0;0.0;0.0;0.0;0.0;0.0;0.0;0.0;0.0;0.0;0.0;0.0;0.0;0.0;0.0;0.0;0.0;0.0;0.0;0.0;0.0;0.0;0.0;0.0;0.0;0.0;0.0;0.0;0.0;0.0;0.0;0.0;0.0;0.0;0.0;0.0;0.0;0.0;0.0;0.0;0.0;0.0;0.0;0.0;0.0;0.0;0.0;0.0;17.1;0.0;0.0;0.0;0.0;0.0;0.0;0.0;0.0;0.0;0.0;0.0;0.0;0.0;0.0;0.0;0.0;0.0;0.0;0.0;0.0;4115.4;0.0;0.0;0.0;0.0;0.0;0.0;0.0;0.0;0.0;0.0;0.0;0.0;0.0;0.0;0.0;0.0;0.0;0.0;0.0;0.0;0.0;0.0;0.0;2248.0;13831.4;0.0;0.0;0.0;0.0;0.0;0.0;446.4;513.1;1328.9;366.8;0.0;414.4;0.0;0.0;0.0;0.0;0.0;0.0;0.0;0.0
Kanada;1165.3;33763.0;70.4;195.0;635.0;281.6;253.2;785.9;6188.4;2614.1;7630.0;5293.7;1900.2;1205.9;3852.3;665.9;4009.5;8051.0;11500.6;8626.7;3174.5;10819.5;2327.1;9963.9;10758.6;13869.9;21297.8;8030.0;11526.8;10375.4;22664.8;46906.1;21268.7;30650.4;19802.1;18536.8;23448.6;22669.0;17609.1;17839.0;17213.5;80482.8;4354.0;5412.7;5040.7;4037.3;3850.8;5260.7;5546.9;18432.5;18439.8;28055.4;23102.0;7913.6;15154.6;14290.6;14366.2;8930.4;9460.7;4974.8;6230.9;8644.9;7672.0;8437.3;8700.3;12256.0;11231.6;6423.4;13589.4;10868.8;9112.9;9402.9;18089.0;14751.7;10112.1;8531.0;11007.3;13602.6;18462.7;9048.5;12424.0;11505.3;9344.2;6922.8;9989.1;9319.4;8390.9;7909.5;9560.6;8986.5;13451.7;14114.7;15510.5;6756.4;5907.4;9545.8;10199.1;3854.3;7647.1;10835.8;4939.9;39779.9;7511.3;3412.9;5004.0;4499.9;4581.2;8603.0;7297.1;8118.3;4855.1;6043.9;3810.8;3905.4;23018.0;24568.1;13478.5;76182.5;44523.5;22899.4;8552.0;18568.4;19622.5
Kasakstan;0.0;0.0;0.0;0.0;0.0;0.0;0.0;0.0;0.0;0.0;0.0;0.0;0.0;0.0;0.0;0.0;0.0;0.0;0.0;0.0;0.0;0.0;0.0;0.0;0.0;0.0;0.0;0.0;0.0;0.0;0.0;0.0;0.0;0.0;0.0;0.0;0.0;0.0;0.0;0.0;0.0;0.0;0.0;0.0;0.0;0.0;0.0;0.0;0.0;0.0;0.0;0.0;0.0;0.0;0.0;0.0;0.0;0.0;0.0;0.0;0.0;0.0;0.0;0.0;1074.8;0.0;0.0;587.4;0.0;0.0;0.0;2357.0;0.0;0.0;0.0;0.0;0.0;0.0;0.0;0.0;0.0;0.0;0.0;0.0;0.0;0.0;0.0;0.0;0.0;0.0;0.0;714.9;0.0;0.0;0.0;0.0;0.0;0.0;0.0;0.0;0.0;0.0;0.0;0.0;0.0;0.0;0.0;0.0;0.0;0.0;0.0;0.0;0.0;0.0;0.0;0.0;0.0;0.0;473.2;501.0;4820.3;0.0;0.0
Kekkia;0.0;0.0;0.0;0.0;0.0;0.0;0.0;0.0;0.0;0.0;0.0;0.0;0.0;0.0;0.0;0.0;0.0;0.0;0.0;0.0;0.0;0.0;0.0;0.0;0.0;0.0;0.0;0.0;0.0;0.0;0.0;0.0;0.0;0.0;0.0;0.0;0.0;0.0;0.0;0.0;0.0;0.0;0.0;0.0;0.0;0.0;0.0;0.0;0.0;0.0;0.0;0.0;0.0;0.0;0.0;0.0;0.0;0.0;0.0;0.0;0.0;0.0;0.0;0.0;0.0;0.0;0.0;0.0;0.0;0.0;0.0;0.0;0.0;0.0;24.9;0.0;0.0;0.0;0.0;0.0;0.0;0.0;0.0;0.0;0.0;0.0;0.0;0.0;0.0;0.0;0.0;0.0;0.0;0.0;0.0;0.0;0.0;0.0;0.0;0.0;0.0;0.0;0.0;3.1;0.0;0.0;0.0;0.0;0.0;82.1;17.1;274.6;104.7;24.4;64.6;32.1;0.0;3738.3;2592.8;1434.6;917.2;1375.3;1351.9
Kenja;0.0;0.0;0.0;0.0;0.0;0.0;0.0;0.0;0.0;0.0;0.0;0.0;0.0;0.0;0.0;0.0;0.0;0.0;0.0;0.0;0.0;0.0;0.0;0.0;0.0;0.0;0.0;0.0;0.0;0.0;0.0;0.0;0.0;0.0;0.0;0.0;0.0;0.0;0.0;0.0;0.0;0.0;0.0;0.0;0.0;0.0;0.0;0.0;0.0;0.0;0.0;0.0;0.0;0.0;0.0;0.0;0.0;0.0;0.0;0.0;0.0;0.0;0.0;0.0;0.0;0.0;0.0;17.6;0.0;0.0;44.2;0.0;0.0;0.0;0.0;0.0;0.0;0.0;0.0;0.0;0.0;0.0;0.0;0.0;0.0;0.0;0.0;0.0;0.0;0.0;0.0;0.0;0.0;0.0;0.0;0.0;0.0;0.0;0.0;0.0;0.0;589.3;0.0;0.0;0.0;0.0;0.0;0.0;0.0;0.0;0.0;0.0;0.0;0.0;0.0;0.0;0.0;0.0;0.0;0.0;0.0;0.0;0.0
Kili;0.0;0.0;0.0;6335.0;0.0;0.0;0.0;0.0;0.0;0.0;0.0;0.0;0.0;0.0;0.0;0.0;0.0;0.0;0.0;0.0;0.0;0.0;0.0;0.0;0.0;0.0;0.0;6623.6;2855.2;69.0;0.0;0.0;1160.5;0.0;0.0;0.0;0.0;0.0;0.0;0.0;0.0;15.4;0.0;0.0;0.0;0.0;0.0;0.0;0.0;0.0;0.0;0.0;0.0;0.0;0.0;0.0;0.0;0.0;0.0;6752.6;0.0;0.0;0.0;105071.4;0.0;964.6;727.2;0.0;0.0;0.0;137.6;11.4;0.0;0.0;0.0;0.0;0.0;0.0;0.0;0.0;0.0;0.0;0.0;0.0;0.0;0.0;0.0;0.0;0.0;0.0;0.0;0.0;0.0;0.0;0.0;0.0;0.0;0.0;0.0;0.0;0.0;0.0;0.0;0.0;0.0;0.0;0.0;0.0;0.0;0.0;0.0;0.0;0.0;0.0;0.0;0.0;0.0;0.0;0.0;0.0;0.0;0.0;0.0
Kina;0.0;0.0;0.0;0.0;0.0;0.0;0.0;0.0;0.0;0.0;0.0;0.0;3575.1;1307.4;0.0;0.0;961.3;1970.2;470.9;0.0;0.0;0.0;0.0;1928.4;1793.8;0.0;6020.3;1121.8;3965.5;5542.1;3996.5;8954.0;8407.3;4866.3;20591.7;13917.7;0.0;1447.6;15491.6;6036.1;5071.0;17310.2;17309.0;11798.8;4839.1;9658.9;16727.8;11701.9;1701.5;9705.3;51089.3;13776.4;8565.7;12361.6;36544.7;20894.8;25120.9;10457.7;17948.8;3837.7;4309.7;6026.1;9651.8;1708.1;1754.4;5667.2;78564.3;11050.6;2011.3;24697.1;23125.5;13779.3;15897.5;27488.2;27795.1;31063.3;35074.8;52133.8;61985.4;48711.7;69900.8;104801.0;124185.2;106472.9;92305.0;112739.7;113216.1;70383.3;55687.4;104845.5;73933.8;95752.8;156458.4;153948.0;104794.1;153712.2;99420.9;156338.0;118691.6;85655.7;140513.1;213790.2;121048.2;168896.2;213566.6;200438.5;182011.0;249109.6;73890.4;141603.5;58752.7;44912.6;71452.7;173352.8;112215.9;90072.7;144072.8;183480.5;184366.0;94939.4;120375.8;164359.5;168689.6
Kirgisia;0.0;0.0;0.0;0.0;0.0;0.0;0.0;0.0;0.0;0.0;0.0;0.0;0.0;0.0;0.0;0.0;0.0;0.0;0.0;0.0;0.0;0.0;0.0;0.0;0.0;0.0;0.0;0.0;0.0;0.0;0.0;0.0;0.0;0.0;0.0;0.0;0.0;0.0;0.0;0.0;0.0;0.0;0.0;0.0;0.0;0.0;0.0;0.0;0.0;0.0;0.0;0.0;0.0;0.0;0.0;0.0;0.0;0.0;0.0;0.0;0.0;0.0;0.0;0.0;473.7;0.0;0.0;0.0;0.0;0.0;0.0;1392.4;0.0;0.0;0.0;0.0;0.0;0.0;0.0;0.0;0.0;0.0;0.0;0.0;0.0;0.0;0.0;0.0;0.0;0.0;0.0;0.0;0.0;0.0;0.0;0.0;0.0;0.0;0.0;0.0;0.0;0.0;0.0;0.0;0.0;0.0;0.0;0.0;0.0;0.0;0.0;0.0;0.0;0.0;0.0;0.0;0.0;0.0;0.0;0.0;0.0;0.0;0.0
Kongo, Dem. Lýðveldið;0.0;0.0;0.0;0.0;0.0;0.0;0.0;0.0;0.0;0.0;0.0;0.0;0.0;0.0;0.0;0.0;0.0;0.0;0.0;0.0;0.0;0.0;0.0;0.0;0.0;0.0;0.0;0.0;0.0;0.0;0.0;0.0;0.0;0.0;0.0;0.0;0.0;0.0;0.0;0.0;0.0;0.0;0.0;0.0;0.0;0.0;0.0;0.0;0.0;0.0;0.0;0.0;0.0;0.0;0.0;0.0;0.0;0.0;0.0;0.0;0.0;0.0;0.0;0.0;0.0;0.0;0.0;165.9;0.0;0.0;0.0;0.0;0.0;0.0;0.0;0.0;0.0;0.0;0.0;0.0;0.0;0.0;0.0;0.0;0.0;0.0;0.0;0.0;0.0;0.0;0.0;0.0;0.0;0.0;0.0;0.0;0.0;0.0;0.0;0.0;0.0;0.0;0.0;0.0;0.0;0.0;0.0;0.0;0.0;0.0;0.0;105.5;0.0;0.0;204.2;0.0;256.6;0.0;0.0;0.0;0.0;0.0;206.1
Kosta Rika;0.0;0.0;0.0;0.0;0.0;0.0;0.0;0.0;0.0;0.0;0.0;0.0;0.0;0.0;0.0;0.0;0.0;0.0;0.0;0.0;0.0;0.0;0.0;0.0;0.0;0.0;0.0;0.0;0.0;0.0;0.0;0.0;0.0;0.0;0.0;0.0;0.0;0.0;0.0;0.0;0.0;0.0;0.0;0.0;0.0;0.0;0.0;0.0;0.0;0.0;0.0;0.0;0.0;0.0;0.0;0.0;0.0;0.0;0.0;0.0;0.0;0.0;0.0;0.0;0.0;0.0;0.0;0.0;0.0;0.0;0.0;0.0;0.0;0.0;0.0;0.0;147.1;104.9;0.0;0.0;0.0;117.6;151.8;0.0;0.0;0.0;0.0;0.0;0.0;0.0;0.0;0.0;0.0;0.0;0.0;0.0;0.0;0.0;0.0;0.0;0.0;0.0;0.0;0.0;0.0;0.0;0.0;0.0;0.0;0.0;0.0;0.0;0.0;0.0;0.0;0.0;0.0;0.0;0.0;0.0;0.0;0.0;0.0
Kroatia;0.0;0.0;0.0;0.0;0.0;0.0;0.0;0.0;0.0;0.0;0.0;0.0;0.0;0.0;0.0;0.0;0.0;0.0;0.0;0.0;0.0;0.0;0.0;0.0;0.0;0.0;0.0;0.0;0.0;0.0;0.0;0.0;0.0;0.0;0.0;0.0;0.0;0.0;0.0;0.0;0.0;490.0;0.0;0.0;800.0;0.0;0.0;0.0;0.0;0.0;0.0;0.0;0.0;0.0;0.0;0.0;0.0;0.0;0.0;0.0;0.0;0.0;0.0;0.0;0.0;0.0;0.0;0.0;0.0;196.9;0.0;0.0;0.0;0.0;0.0;0.0;0.0;0.0;218.7;0.0;0.0;0.0;0.0;0.0;0.0;0.0;0.0;0.0;0.0;0.0;0.0;0.0;0.0;0.0;0.0;0.0;0.0;0.0;0.0;0.0;0.0;0.0;0.0;0.0;0.0;0.0;0.0;0.0;0.0;0.0;0.0;0.0;0.0;0.0;0.0;1443.0;0.0;818.8;0.0;0.0;0.0;0.0;0.0
Kuba;0.0;0.0;0.0;0.0;0.0;0.0;0.0;0.0;0.0;0.0;0.0;0.0;0.0;0.0;0.0;0.0;0.0;0.0;0.0;0.0;0.0;0.0;0.0;0.0;0.0;0.0;0.0;0.0;0.0;0.0;0.0;0.0;0.0;0.0;0.0;0.0;0.0;0.0;0.0;0.0;0.0;0.0;0.0;0.0;0.0;0.0;0.0;0.0;0.0;0.0;0.0;0.0;0.0;0.0;0.0;0.0;0.0;0.0;0.0;0.0;0.0;0.0;8099.1;3085.7;0.0;0.0;0.0;0.0;0.0;0.0;0.0;0.0;0.0;0.0;0.0;0.0;0.0;0.0;0.0;648.6;0.0;0.0;595.2;0.0;0.0;0.0;0.0;0.0;0.0;0.0;0.0;0.0;0.0;0.0;0.0;0.0;0.0;0.0;0.0;0.0;0.0;0.0;0.0;0.0;0.0;0.0;633.1;0.0;0.0;0.0;0.0;0.0;0.0;0.0;0.0;0.0;0.0;0.0;0.0;0.0;0.0;0.0;0.0
Kuvait;0.0;0.0;0.0;0.0;0.0;0.0;0.0;0.0;0.0;0.0;0.0;0.0;0.0;0.0;0.0;0.0;0.0;0.0;0.0;0.0;405.4;0.0;817.3;0.0;0.0;0.0;0.0;0.0;0.0;0.0;0.0;0.0;0.0;0.0;0.0;0.0;0.0;0.0;0.0;0.0;0.0;0.0;0.0;0.0;0.0;0.0;0.0;0.0;0.0;0.0;0.0;0.0;0.0;0.0;0.0;0.0;0.0;0.0;0.0;0.0;0.0;0.0;0.0;0.0;0.0;0.0;0.0;0.0;0.0;0.0;0.0;0.0;28.3;19.0;0.0;0.0;233.4;0.0;0.0;43.7;0.0;0.0;0.0;422.5;580.4;1063.1;254.5;818.6;50.3;0.0;88.3;0.0;0.0;0.0;0.0;0.0;0.0;0.0;0.0;0.0;0.0;0.0;0.0;0.0;0.0;0.0;0.0;0.0;0.0;0.0;0.0;0.0;0.0;0.0;0.0;0.0;0.0;0.0;0.0;0.0;0.0;0.0;0.0
Kýpros;0.0;0.0;6902.2;0.0;0.0;0.0;0.0;0.0;0.0;0.0;0.0;0.0;0.0;0.0;0.0;0.0;0.0;0.0;0.0;0.0;0.0;0.0;0.0;0.0;0.0;0.0;0.0;0.0;0.0;0.0;0.0;0.0;0.0;0.0;58.8;0.0;0.0;0.0;0.0;0.0;0.0;0.0;0.0;0.0;0.0;0.0;0.0;0.0;441.7;0.0;0.0;0.0;0.0;158.0;0.0;88.4;0.0;0.0;681.7;0.0;0.0;88.6;155.7;87180.5;246.5;745.2;203.0;313.5;1182.5;1660.0;972.6;1098.0;1018.0;1234.5;1067.0;2187.7;1626.2;1948.8;2862.4;849.6;71.5;506.8;29.1;0.0;0.0;0.0;0.0;0.0;0.0;0.0;0.0;0.0;0.0;0.0;0.0;118.1;0.0;0.0;0.0;0.0;438.7;359.0;161.8;887.5;101.9;189.8;467.5;89.0;420.9;415.5;494.9;398.9;354.2;355.7;449.2;2114.0;0.0;809.1;4639.4;1774.1;0.0;1238.9;330.5
Lettland;0.0;0.0;0.0;0.0;0.0;0.0;0.0;0.0;0.0;0.0;0.0;0.0;1486.7;977.0;0.0;0.0;5141.1;0.0;1643.7;0.0;0.0;0.0;0.0;0.0;0.0;0.0;0.0;0.0;16000.0;710.9;0.0;0.0;0.0;0.0;8.0;0.0;0.0;0.0;0.0;0.0;0.0;0.0;108.0;0.0;0.0;0.0;0.0;149.3;8.9;0.0;73.5;363.6;834.4;1638.9;14801.1;908.4;0.0;0.0;0.0;1293.0;68.8;405.9;546.0;395.0;618.3;0.0;1569.4;0.0;317.6;0.0;691.2;700.0;54.2;1525.2;357.0;336.8;792.4;298.9;0.0;0.0;0.0;0.0;0.0;78.2;0.0;73.0;56.0;12.6;187.4;10.3;22.7;0.0;0.0;0.0;8.9;297.6;12.6;15.9;68.0;2309.4;2199.9;3096.5;20.1;3874.6;11.5;5.7;12465.1;6.9;826.5;3.5;6098.1;7535.4;749.7;593.1;541.4;345.4;343.8;3524.8;31194.9;1066.0;1326.2;11417.4;332.7
Libanon;0.0;0.0;0.0;0.0;0.0;0.0;0.0;0.0;0.0;0.0;0.0;0.0;0.0;0.0;0.0;0.0;0.0;0.0;0.0;0.0;0.0;0.0;0.0;0.0;0.0;0.0;0.0;0.0;0.0;0.0;0.0;0.0;0.0;0.0;0.0;0.0;0.0;0.0;0.0;0.0;0.0;0.0;0.0;0.0;0.0;0.0;0.0;0.0;0.0;0.0;0.0;0.0;0.0;0.0;0.0;0.0;0.0;0.0;0.0;0.0;0.0;0.0;0.0;0.0;0.0;0.0;0.0;0.0;0.0;0.0;0.0;0.0;0.0;0.0;0.0;0.0;0.0;108.7;550.1;0.0;571.4;1199.5;740.5;51.3;1302.4;379.3;119.3;894.5;0.0;0.0;0.0;0.0;0.0;432.3;669.3;1150.4;934.8;385.9;0.0;0.0;624.7;225.2;0.0;1305.0;645.9;0.0;528.3;113.8;140.5;0.0;0.0;0.0;0.0;0.0;0.0;0.0;632.7;0.0;27.2;0.0;0.0;0.0;587.4
Liberia;0.0;0.0;0.0;0.0;0.0;0.0;0.0;0.0;0.0;0.0;0.0;0.0;0.0;0.0;0.0;0.0;0.0;0.0;0.0;0.0;0.0;0.0;0.0;0.0;0.0;0.0;0.0;0.0;0.0;0.0;0.0;0.0;0.0;0.0;0.0;0.0;0.0;0.0;0.0;0.0;0.0;0.0;0.0;0.0;0.0;0.0;0.0;0.0;0.0;0.0;0.0;0.0;0.0;0.0;1637.8;0.0;0.0;0.0;0.0;0.0;0.0;0.0;0.0;0.0;0.0;0.0;0.0;0.0;647.2;0.0;0.0;0.0;761.4;0.0;0.0;0.0;0.0;1503.4;0.0;0.0;0.0;0.0;0.0;0.0;0.0;0.0;0.0;0.0;0.0;0.0;0.0;0.0;0.0;0.0;0.0;0.0;0.0;0.0;0.0;0.0;0.0;0.0;781.8;0.0;0.0;0.0;500.4;41.7;0.0;67.5;0.0;0.0;0.0;0.0;2207.4;0.0;0.0;2060.8;0.0;0.0;0.0;0.0;1204.7
Litava;0.0;0.0;0.0;0.0;0.0;0.0;0.0;0.0;0.0;0.0;0.0;0.0;1677.0;5404.2;0.0;1847.3;4126.4;9584.3;10854.6;1854.3;164.5;0.0;0.0;743.1;225.0;0.0;0.0;0.0;0.0;328.2;2701.1;857.4;1592.1;1944.1;2176.9;1092.8;2432.7;0.0;0.0;852.1;436.0;0.0;684.8;212.0;1259.1;11086.4;879.3;1241.4;2880.1;10665.1;19590.1;2926.7;5197.8;7527.0;6114.6;4775.4;4533.4;774.4;1491.7;1440.8;2664.2;1393.1;1500.6;6120.6;3061.5;0.0;1529.5;16363.4;9005.7;1891.1;7625.3;16054.1;692.1;2699.2;41472.8;18819.1;25382.2;5403.7;20651.7;45945.4;10805.3;8816.9;7858.6;1415.3;5285.9;17100.7;12049.3;28460.5;18842.6;17639.8;14625.0;21045.9;19493.5;17976.8;5482.4;22280.8;18244.8;15760.0;16743.3;8029.8;10767.5;8337.7;16907.1;20654.1;26749.3;8435.5;8707.4;24879.7;12496.7;2376.6;9866.5;45407.8;31581.3;7030.6;5130.8;30322.8;12521.8;11087.7;45187.9;50205.1;22857.0;11176.7;15135.0
Luksemborg;0.0;0.0;0.0;0.0;0.0;0.0;0.0;0.0;0.0;0.0;0.0;0.0;0.0;0.0;0.0;0.0;0.0;0.0;0.0;0.0;0.0;0.0;0.0;0.0;0.0;0.0;0.0;0.0;0.0;0.0;0.0;243.7;18.3;128.8;150.2;86.7;752.0;175.4;133.6;454.6;523.7;321.8;455.3;10.1;88.8;777.5;574.5;210.4;63.8;100.3;42.0;42.9;148.5;111.5;128.7;231.6;138.8;220.8;204.3;267.6;223.2;191.9;248.3;377.2;2589.1;355.1;309.0;375.5;274.2;251.3;469.2;303.4;0.0;0.0;2095.9;389.0;0.0;71.8;767.8;686.3;0.0;0.0;0.0;0.0;0.0;0.0;0.0;0.0;0.0;0.0;0.0;5.0;0.0;0.0;0.0;0.0;0.0;0.0;0.0;0.0;0.0;0.0;0.0;0.0;0.0;0.0;0.0;0.0;0.0;0.0;0.0;0.0;0.0;0.0;0.0;0.0;0.0;0.0;0.0;0.0;0.0;0.0;0.0
Malaisia;0.0;0.0;0.0;0.0;0.0;0.0;0.0;1233.7;647.0;756.3;694.7;599.3;2007.5;2057.1;0.0;0.0;0.0;0.0;0.0;0.0;0.0;0.0;0.0;0.0;0.0;0.0;0.0;17.3;0.0;0.0;0.0;0.0;0.0;0.0;0.0;0.0;0.0;0.0;0.0;0.0;0.0;0.0;0.0;0.0;0.0;0.0;0.0;16.4;0.0;0.0;6.3;22.1;1.1;0.0;293.4;0.0;0.0;0.0;0.0;0.0;0.0;0.0;0.0;0.0;0.0;0.0;534.1;0.0;0.0;0.0;8620.5;0.0;0.0;0.0;0.0;1068.8;0.0;0.0;0.0;0.0;0.0;0.0;0.0;0.0;0.0;0.0;0.0;0.0;0.0;0.0;0.0;219.3;95.7;0.0;0.0;218.8;0.0;0.0;271.3;0.0;0.0;0.0;0.0;0.0;0.0;0.0;0.0;0.0;146.1;0.0;0.0;0.0;0.0;0.0;264.5;506.5;0.0;367.0;0.0;0.0;0.0;0.0;10.5
Malta;8678.0;0.0;0.0;0.0;0.0;0.0;0.0;0.0;0.0;0.0;0.0;0.0;0.0;0.0;0.0;0.0;0.0;0.0;0.0;0.0;0.0;0.0;0.0;0.0;0.0;0.0;0.0;0.0;0.0;0.0;0.0;0.0;0.0;0.0;0.0;0.0;0.0;0.0;0.0;0.0;0.0;0.0;0.0;0.0;0.0;0.0;0.0;0.0;0.0;0.0;0.0;0.0;0.0;0.0;155.5;0.0;0.0;5.3;0.0;0.0;0.0;0.0;0.0;0.0;324.8;186.8;0.0;0.0;0.0;0.0;0.0;0.0;0.0;1665.7;175.6;0.0;0.0;10.6;0.0;0.0;0.0;153.6;3617.1;972.8;0.0;0.0;102.6;0.0;0.0;0.0;0.0;0.0;0.0;0.0;0.0;0.0;0.0;0.0;0.0;0.0;0.0;580.1;1769.2;994.0;0.0;91.4;1292.8;845.6;0.0;504.4;3840.7;0.0;177.7;0.0;0.0;0.0;0.0;4570.6;0.0;543.2;24.6;8852.4;0.0
Marokko;0.0;0.0;0.0;0.0;0.0;0.0;0.0;0.0;0.0;0.0;0.0;0.0;0.0;0.0;0.0;0.0;0.0;0.0;0.0;2466.7;0.0;0.0;2037.8;0.0;0.0;0.0;0.0;0.0;0.0;0.0;0.0;0.0;0.0;0.0;0.0;0.0;0.0;0.0;0.0;0.0;0.0;0.0;0.0;0.0;138.6;0.0;0.0;0.0;0.0;0.0;0.0;0.0;0.0;0.0;0.0;0.0;0.0;0.0;0.0;0.0;0.0;0.0;0.0;467.9;0.0;0.0;0.0;0.0;0.0;0.0;0.0;0.0;489.9;0.0;0.0;0.0;0.0;0.0;0.0;0.0;0.0;0.0;0.0;0.0;0.0;0.0;0.0;0.0;0.0;0.0;0.0;0.0;0.0;0.0;0.0;0.0;0.0;0.0;0.0;0.0;0.0;0.0;0.0;0.0;0.0;0.0;0.0;0.0;0.0;0.0;0.0;0.0;0.0;0.0;0.0;0.0;0.0;0.0;0.0;0.0;0.0;0.0;0.0
Marshalloyggjar;0.0;0.0;0.0;0.0;0.0;0.0;0.0;0.0;0.0;0.0;0.0;0.0;0.0;0.0;0.0;0.0;0.0;0.0;0.0;0.0;0.0;0.0;0.0;0.0;0.0;0.0;0.0;0.0;0.0;0.0;0.0;0.0;0.0;0.0;0.0;0.0;0.0;0.0;0.0;0.0;0.0;0.0;0.0;0.0;0.0;0.0;0.0;0.0;0.0;0.0;0.0;0.0;0.0;0.0;0.0;0.0;0.0;0.0;0.0;0.0;0.0;0.0;0.0;1186.3;0.0;0.0;0.0;0.0;0.0;0.0;0.0;0.0;0.0;0.0;0.0;0.0;0.0;0.0;0.0;0.0;0.0;0.0;0.0;0.0;0.0;0.0;0.0;0.0;0.0;0.0;0.0;0.0;0.0;0.0;0.0;0.0;0.0;0.0;0.0;0.0;0.0;0.0;0.0;0.0;0.0;0.0;0.0;0.0;0.0;0.0;0.0;0.0;0.0;0.0;0.0;0.0;613.8;0.0;0.0;0.0;0.0;0.0;0.0
Meksiko;0.0;0.0;0.0;0.0;0.0;0.0;0.0;0.0;0.0;0.0;0.0;0.0;0.0;0.0;0.0;0.0;0.0;0.0;0.0;0.0;0.0;0.0;0.0;0.0;0.0;0.0;0.0;1732.2;0.0;0.0;0.0;0.0;0.0;0.0;0.0;0.0;0.0;0.0;0.0;0.0;0.0;0.0;0.0;0.0;0.0;0.0;0.0;0.0;0.0;0.0;0.0;0.0;0.0;0.0;0.0;0.0;0.0;0.0;0.0;0.0;0.0;0.0;0.0;0.0;0.0;0.0;0.0;0.0;0.0;0.0;0.0;0.0;0.0;0.0;0.0;0.0;0.0;0.0;0.0;0.0;0.0;0.0;0.0;0.0;0.0;0.0;0.0;0.0;0.0;0.0;0.0;0.0;0.0;0.0;0.0;0.0;0.0;0.0;0.0;0.0;0.0;0.0;0.0;0.0;0.0;0.0;0.0;0.0;0.0;0.0;0.0;0.0;0.0;0.0;0.0;0.0;0.0;0.0;0.0;0.0;0.0;0.0;0.0
Miðafrikalýðveldið;0.0;0.0;0.0;0.0;0.0;0.0;0.0;0.0;0.0;0.0;0.0;0.0;0.0;0.0;0.0;0.0;0.0;0.0;0.0;0.0;0.0;0.0;0.0;0.0;0.0;0.0;0.0;0.0;0.0;0.0;0.0;0.0;0.0;0.0;0.0;0.0;0.0;0.0;0.0;0.0;0.0;0.0;0.0;0.0;0.0;0.0;0.0;0.0;0.0;0.0;0.0;0.0;0.0;0.0;0.0;0.0;0.0;0.0;0.0;0.0;0.0;0.0;0.0;0.0;0.0;0.0;0.0;0.0;0.0;0.0;0.0;0.0;0.0;0.0;0.0;0.0;0.0;0.0;0.0;0.0;0.0;0.0;0.0;0.0;0.0;0.0;73.7;0.0;0.0;0.0;0.0;0.0;0.0;0.0;0.0;0.0;0.0;0.0;0.0;0.0;0.0;0.0;0.0;0.0;0.0;0.0;0.0;0.0;0.0;0.0;0.0;0.0;0.0;0.0;0.0;0.0;0.0;0.0;0.0;0.0;0.0;0.0;0.0
Moldova;0.0;0.0;0.0;0.0;0.0;0.0;0.0;0.0;0.0;0.0;0.0;0.0;0.0;0.0;0.0;0.0;0.0;0.0;0.0;0.0;0.0;0.0;0.0;0.0;0.0;0.0;0.0;0.0;0.0;0.0;203.0;0.0;0.0;0.0;0.0;0.0;0.0;0.0;0.0;0.0;0.0;0.0;0.0;0.0;0.0;0.0;0.0;0.0;0.0;0.0;0.0;0.0;0.0;0.0;0.0;0.0;701.1;0.0;0.0;0.0;78.0;665.7;98.3;0.0;0.0;0.0;356.3;105.9;0.0;0.0;662.6;2196.8;0.0;0.0;0.0;0.0;0.0;0.0;0.0;0.0;0.0;0.0;0.0;1561.6;2837.9;1522.5;0.0;0.0;0.0;0.0;0.0;0.0;0.0;0.0;0.0;0.0;0.0;0.0;0.0;0.0;0.0;0.0;0.0;0.0;0.0;0.0;0.0;4.1;0.0;0.0;0.0;0.0;0.0;0.0;0.0;0.0;0.0;0.0;0.0;1033.7;0.0;0.0;0.0
Mosambik;0.0;0.0;0.0;0.0;0.0;0.0;0.0;0.0;0.0;0.0;0.0;0.0;0.0;0.0;0.0;0.0;0.0;0.0;0.0;0.0;0.0;0.0;0.0;0.0;0.0;0.0;0.0;0.0;0.0;0.0;0.0;0.0;0.0;0.0;0.0;0.0;0.0;0.0;0.0;0.0;0.0;0.0;0.0;0.0;0.0;0.0;0.0;0.0;0.0;0.0;0.0;0.0;0.0;0.0;0.0;0.0;0.0;0.0;0.0;0.0;0.0;0.0;0.0;0.0;0.0;0.0;0.0;0.0;0.0;0.0;0.0;0.0;0.0;0.0;0.0;0.0;0.0;308.8;0.0;0.0;0.0;22.8;0.0;28.4;0.0;0.0;0.0;0.0;0.0;0.0;0.0;0.0;0.0;0.0;0.0;0.0;0.0;0.0;0.0;0.0;0.0;0.0;0.0;0.0;0.0;0.0;0.0;0.0;0.0;0.0;0.0;0.0;0.0;0.0;0.0;0.0;0.0;0.0;0.0;0.0;0.0;0.0;0.0
Móritius;0.0;0.0;0.0;0.0;0.0;0.0;0.0;0.0;0.0;0.0;0.0;0.0;0.0;0.0;0.0;0.0;0.0;772.5;388.0;0.0;672.7;911.2;102.8;101.1;399.6;119.7;111.0;0.0;0.0;0.0;4303.6;0.0;0.0;0.0;0.0;0.0;0.0;0.0;0.0;0.0;0.0;0.0;0.0;0.0;0.0;0.0;0.0;0.0;0.0;0.0;0.0;0.0;0.0;0.0;0.0;0.0;0.0;0.0;0.0;0.0;0.0;0.0;0.0;0.0;0.0;0.0;0.0;0.0;0.0;0.0;0.0;44.8;0.0;0.0;0.0;0.0;83.4;0.0;0.0;0.0;0.0;851.3;0.0;178.5;0.0;0.0;0.0;0.0;0.0;0.0;0.0;0.0;0.0;0.0;0.0;0.0;0.0;0.0;0.0;0.0;0.0;0.0;0.0;0.0;0.0;0.0;0.0;0.0;0.0;0.0;0.0;0.0;0.0;0.0;0.0;0.0;0.0;0.0;0.0;0.0;0.0;0.0;0.0
Namibia;0.0;0.0;0.0;0.0;0.0;0.0;0.0;0.0;0.0;0.0;0.0;0.0;0.0;0.0;0.0;0.0;0.0;0.0;0.0;0.0;0.0;0.0;0.0;0.0;0.0;0.0;0.0;0.0;0.0;0.0;9000.0;0.0;0.0;9500.0;0.0;0.0;0.0;0.0;0.0;1007.2;0.0;0.0;0.0;0.0;0.0;0.0;0.0;0.0;0.0;0.0;0.0;0.0;0.0;0.0;0.0;0.0;0.0;0.0;0.0;0.0;0.0;0.0;0.0;0.0;12000.0;0.0;0.0;0.0;0.0;0.0;0.0;0.0;0.0;0.0;0.0;0.0;0.0;0.0;0.0;0.0;0.0;0.0;0.0;0.0;0.0;0.0;0.0;29.2;23.0;0.0;0.0;0.0;0.0;0.0;0.0;0.0;0.0;0.0;0.0;0.0;0.0;0.0;0.0;0.0;0.0;0.0;0.0;0.0;0.0;0.0;0.0;0.0;0.0;0.0;0.0;0.0;0.0;0.0;0.0;9.5;0.0;36.0;0.0
Nepal;0.0;0.0;0.0;0.0;0.0;0.0;0.0;0.0;0.0;0.0;0.0;0.0;0.0;0.0;0.0;0.0;0.0;0.0;0.0;0.0;0.0;0.0;0.0;0.0;0.0;0.0;0.0;0.0;0.0;0.0;0.0;0.0;0.0;0.0;0.0;0.0;0.0;0.0;0.0;0.0;0.0;0.0;0.0;0.0;0.0;0.0;0.0;0.0;0.0;0.0;0.0;0.0;0.0;0.0;0.0;0.0;0.0;0.0;0.0;0.0;0.0;0.0;0.0;0.0;0.0;0.0;0.0;0.0;0.0;0.0;0.0;0.0;0.0;0.0;0.0;0.0;0.0;0.0;0.0;0.0;0.0;81.2;0.0;0.0;0.0;0.0;0.0;0.0;0.0;0.0;0.0;0.0;0.0;0.0;0.0;0.0;0.0;0.0;0.0;0.0;0.0;0.0;0.0;0.0;0.0;0.0;0.0;0.0;0.0;0.0;0.0;0.0;0.0;0.0;0.0;0.0;0.0;0.0;0.0;0.0;0.0;0.0;0.0
Niðurlond;16937.8;15165.3;6905.4;16272.8;9278.9;9222.9;12356.6;11608.5;10111.6;9271.0;6432.8;8242.4;5948.7;24324.9;12373.8;7605.1;9674.8;15030.6;23216.6;4868.3;5890.6;15056.3;12364.6;12522.2;8618.9;7640.7;10988.2;15274.8;11378.3;7835.2;13434.9;3158.5;11602.1;5325.2;8007.9;8926.3;8963.2;10949.2;6577.2;20786.3;6437.8;3182.6;4780.5;9600.0;7388.1;5110.5;6569.2;9143.4;8673.2;8783.7;4885.7;5973.9;16412.7;5474.1;2947.4;14998.4;10390.2;8679.9;19452.2;11758.5;14313.6;12698.8;7923.9;7494.6;12191.6;8914.5;19501.0;8724.9;10369.7;43894.0;22347.0;32833.1;21451.2;74419.4;206654.6;54273.3;42836.3;155156.4;157539.2;47540.4;50489.0;110917.5;111650.8;23449.2;22648.2;43330.6;103440.2;168102.5;50804.4;69610.6;83532.3;63042.9;77257.9;43728.5;85345.5;74208.5;130797.9;46801.0;90097.9;149237.1;56325.5;38414.3;32242.2;61533.5;120163.8;55159.6;72692.0;102712.9;62803.2;57030.1;110572.8;67418.0;47272.1;88376.0;135203.1;129848.6;145555.2;148557.6;189999.2;206913.1;146843.9;94800.5;165192.1
Niger;0.0;0.0;0.0;0.0;0.0;0.0;0.0;0.0;0.0;0.0;0.0;0.0;0.0;0.0;0.0;0.0;0.0;0.0;0.0;0.0;0.0;0.0;0.0;0.0;0.0;0.0;0.0;0.0;0.0;0.0;0.0;0.0;0.0;0.0;0.0;0.0;2566.1;0.0;0.0;0.0;0.0;0.0;0.0;0.0;0.0;0.0;0.0;0.0;0.0;0.0;0.0;0.0;0.0;0.0;0.0;0.0;0.0;0.0;649.5;0.0;0.0;0.0;0.0;0.0;0.0;0.0;0.0;0.0;0.0;0.0;0.0;0.0;0.0;709.6;0.0;0.0;0.0;0.0;0.0;0.0;0.0;0.0;0.0;0.0;0.0;0.0;0.0;0.0;0.0;0.0;0.0;0.0;0.0;0.0;0.0;0.0;0.0;0.0;0.0;0.0;0.0;0.0;0.0;0.0;0.0;0.0;0.0;0.0;0.0;0.0;0.0;0.0;0.0;357.9;0.0;0.0;0.0;0.0;0.0;0.0;441.9;0.0;0.0
Nigeria;0.0;0.0;0.0;0.0;0.0;0.0;0.0;0.0;0.0;0.0;0.0;0.0;0.0;0.0;0.0;0.0;0.0;0.0;0.0;0.0;215.7;0.0;0.0;1200.0;1792.9;861.8;0.0;742.7;0.0;0.0;0.0;0.0;1309.3;0.0;0.0;2820.5;3470.8;6113.3;6208.6;8370.3;6922.0;4706.9;5659.9;8811.1;7553.0;13560.4;9305.1;14737.3;9550.3;9420.5;11828.6;10204.8;13057.3;9373.3;9578.1;12749.5;11182.5;61393.3;59629.1;26406.9;9982.4;28815.7;23387.6;39152.7;30840.5;63325.2;52503.9;19911.2;62586.4;85165.7;173519.2;30599.8;64160.9;86933.9;346600.1;18410.1;30262.3;61433.3;287977.1;99766.8;20060.4;37219.4;328829.5;66149.4;27197.3;20102.5;219489.5;156299.2;28469.1;61402.2;117634.3;138847.9;10016.3;13857.3;20183.0;32694.4;2651.5;18460.4;37032.0;36997.3;20769.8;42259.6;34870.8;34105.2;29096.7;23759.8;40941.3;57553.5;57235.1;31226.9;79260.6;27879.5;53462.8;47764.3;83745.8;13121.9;45568.6;84881.9;200281.2;19255.2;18527.4;19621.9;64024.1
Nikaragua;0.0;0.0;0.0;0.0;0.0;0.0;0.0;0.0;0.0;0.0;0.0;0.0;0.0;0.0;0.0;0.0;0.0;0.0;0.0;0.0;0.0;0.0;0.0;0.0;0.0;0.0;0.0;0.0;0.0;0.0;0.0;0.0;0.0;0.0;502.9;0.0;0.0;0.0;0.0;0.0;0.0;0.0;82.5;0.0;0.0;0.0;0.0;0.0;0.0;0.0;0.0;0.0;0.0;0.0;0.0;0.0;0.0;0.0;0.0;0.0;0.0;0.0;0.0;0.0;0.0;0.0;0.0;0.0;0.0;0.0;0.0;0.0;0.0;0.0;0.0;0.0;0.0;0.0;0.0;0.0;0.0;0.0;0.0;0.0;0.0;0.0;0.0;0.0;0.0;0.0;0.0;20305.6;0.0;0.0;0.0;0.0;0.0;0.0;0.0;0.0;0.0;0.0;0.0;0.0;0.0;0.0;0.0;0.0;0.0;0.0;0.0;0.0;0.0;0.0;0.0;0.0;0.0;0.0;0.0;0.0;0.0;0.0;0.0
Norðaru Marianaoyggjar;0.0;0.0;0.0;0.0;0.0;0.0;0.0;0.0;0.0;0.0;0.0;0.0;0.0;0.0;0.0;0.0;0.0;0.0;0.0;0.0;0.0;0.0;0.0;0.0;0.0;0.0;0.0;0.0;0.0;0.0;0.0;0.0;0.0;0.0;0.0;0.0;0.0;0.0;0.0;0.0;0.0;0.0;0.0;0.0;0.0;0.0;0.0;0.0;0.0;0.0;0.0;0.0;0.0;0.0;0.0;0.0;0.0;0.0;0.0;0.0;0.0;0.0;0.0;0.0;0.0;0.0;0.0;0.0;0.0;0.0;0.0;0.0;0.0;0.0;0.0;0.0;0.0;0.0;0.0;0.0;0.0;0.0;0.0;0.0;0.0;0.0;264.2;0.0;0.0;0.0;0.0;0.0;0.0;0.0;0.0;0.0;0.0;0.0;0.0;81.1;0.0;0.0;0.0;0.0;0.0;0.0;0.0;0.0;0.0;0.0;0.0;0.0;0.0;0.0;0.0;0.0;0.0;0.0;0.0;0.0;0.0;0.0;0.0
Norðurkorea;0.0;0.0;0.0;0.0;0.0;0.0;0.0;0.0;0.0;0.0;0.0;0.0;0.0;0.0;0.0;0.0;0.0;0.0;0.0;0.0;0.0;0.0;0.0;0.0;0.0;0.0;0.0;0.0;0.0;0.0;0.0;0.0;0.0;0.0;0.0;730.5;0.0;0.0;0.0;0.0;0.0;0.0;0.0;0.0;0.0;0.0;761.2;0.0;0.0;0.0;0.0;0.0;0.0;0.0;0.0;0.0;0.0;0.0;0.0;0.0;0.0;0.0;0.0;0.0;0.0;0.0;0.0;0.0;0.0;0.0;0.0;0.0;0.0;0.0;0.0;0.0;0.0;0.0;0.0;0.0;0.0;0.0;0.0;0.0;0.0;0.0;0.0;0.0;0.0;0.0;0.0;266.0;0.0;0.0;0.0;0.0;0.0;3315.7;0.0;0.0;0.0;0.0;0.0;0.0;0.0;0.0;0.0;0.0;0.0;0.0;0.0;0.0;0.0;0.0;0.0;0.0;0.0;0.0;0.0;0.0;0.0;0.0;0.0
Noreg;6931.3;7765.0;8134.1;12411.5;28087.2;7834.7;21563.5;4169.3;57119.7;18818.4;26088.2;24473.2;36428.5;27556.6;72804.1;40018.4;19926.4;41592.8;45979.1;33244.0;25862.8;24171.8;28572.1;24871.3;30199.7;18741.2;16608.0;14704.0;33497.4;32320.0;39992.1;50612.7;93509.7;57053.2;79375.8;136280.3;88153.7;44780.6;53192.2;113973.3;40069.9;46505.8;40979.7;73489.6;52155.2;70314.6;74987.4;98391.7;17277.5;36708.0;44976.3;112052.2;52473.1;104329.2;148634.5;150861.2;120755.6;123506.0;139412.2;169104.9;377799.9;45424.3;88291.4;162636.4;38783.7;36295.1;100401.5;182957.2;52210.3;56871.0;56029.4;120206.2;43501.4;55234.9;52909.7;60279.8;44008.5;78591.5;57622.5;62344.3;37422.4;50801.9;93400.1;49197.1;44554.6;126484.8;45711.8;36435.9;67983.8;99162.0;93084.1;91210.8;161260.3;181933.0;46323.7;71202.4;91504.3;66254.9;133145.8;175483.3;101803.3;116333.8;112426.9;49157.7;93323.3;120776.2;157035.6;85060.9;140051.2;108722.0;29291.5;29335.6;38517.8;68570.7;37107.1;94075.6;49265.0;75896.7;81344.0;148441.0;226153.5;282648.3;328836.9
Nýsæland;0.0;0.0;0.0;0.0;0.0;0.0;18500.0;0.0;0.0;0.0;0.0;0.0;0.0;0.0;0.0;0.0;0.0;0.0;0.0;3.2;0.0;0.0;3.4;0.0;0.0;0.0;0.0;0.0;0.0;0.0;0.0;0.0;0.0;0.0;0.0;0.0;0.0;0.0;0.0;0.0;0.0;0.0;0.0;6.7;0.0;0.0;0.0;0.0;0.0;0.0;0.0;0.0;0.0;0.0;0.0;0.0;0.0;0.0;0.0;0.0;0.0;0.0;97.8;0.0;8510.0;0.0;0.0;0.0;0.0;0.0;0.0;0.0;0.0;0.0;0.0;5.8;0.0;33.6;0.0;0.0;0.0;0.0;0.0;0.0;0.0;0.0;0.0;0.0;0.0;0.0;0.0;0.0;0.0;0.0;0.0;0.0;1354.2;0.0;0.0;0.0;0.0;0.0;0.0;0.0;0.0;1509.5;0.0;125.0;0.0;0.0;0.0;0.0;0.0;0.0;0.0;0.0;0.0;0.0;0.0;0.7;0.0;0.0;38.2
Oman;0.0;0.0;0.0;0.0;0.0;0.0;0.0;0.0;0.0;0.0;0.0;0.0;0.0;0.0;0.0;0.0;0.0;0.0;0.0;0.0;0.0;0.0;0.0;0.0;0.0;0.0;0.0;0.0;0.0;0.0;0.0;0.0;0.0;0.0;0.0;0.0;0.0;0.0;0.0;0.0;0.0;0.0;0.0;0.0;0.0;0.0;0.0;0.0;0.0;0.0;0.0;0.0;0.0;0.0;0.0;0.0;0.0;0.0;0.0;0.0;0.0;0.0;0.0;0.0;0.0;0.0;0.0;0.0;0.0;0.0;16.7;0.0;0.0;279.8;0.0;0.0;0.0;0.0;0.0;0.0;0.0;316.2;0.0;0.0;79.3;0.0;0.0;0.0;0.0;56.9;0.0;127.2;0.0;3.1;0.0;0.0;0.0;0.0;0.0;0.0;0.0;0.0;0.0;0.0;0.0;0.0;0.0;0.0;0.0;0.0;0.0;0.0;0.0;0.0;0.0;0.0;0.0;0.0;0.0;0.0;0.0;0.0;0.0
Panama;0.0;0.0;4685.1;0.0;10.0;0.0;46.3;7948.0;0.0;0.0;0.0;0.0;0.0;0.0;0.0;0.0;0.0;0.0;0.0;0.0;0.0;0.0;0.0;0.0;0.0;0.0;0.0;0.0;0.0;0.0;0.0;0.0;0.0;0.0;0.0;0.0;0.0;0.0;0.0;0.0;0.0;0.0;0.0;0.0;0.0;0.0;0.0;0.0;0.0;670.4;0.0;0.0;599.5;173.0;0.0;432.1;0.0;0.0;27.7;37.9;0.0;0.0;736.9;443.1;0.0;585.6;427.9;308.6;0.0;997.1;0.0;0.0;0.0;4178.5;6178.5;350.2;148.9;876.8;985.1;0.0;0.0;81.2;701.2;42246.8;0.0;487.0;2086.3;0.0;0.0;0.0;71.2;0.0;0.0;825.3;0.0;0.0;0.0;671.7;0.0;0.0;0.0;0.0;0.0;0.0;0.0;359.2;0.0;0.0;0.0;0.0;311.1;0.0;0.0;0.0;0.0;0.0;0.0;42.8;0.0;146.3;2293.4;0.0;1423.7
Papua Nýguinea;0.0;0.0;0.0;0.0;0.0;0.0;0.0;0.0;0.0;0.0;0.0;0.0;0.0;0.0;0.0;0.0;0.0;0.0;0.0;0.0;0.0;0.0;0.0;0.0;0.0;0.0;0.0;0.0;0.0;0.0;0.0;0.0;0.0;0.0;0.0;555.8;0.0;0.0;0.0;0.0;0.0;0.0;0.0;0.0;0.0;0.0;0.0;0.0;0.0;0.0;0.0;0.0;0.0;0.0;0.0;0.0;0.0;0.0;0.0;0.0;0.0;0.0;0.0;0.0;0.0;0.0;0.0;0.0;0.0;0.0;0.0;0.0;0.0;0.0;0.0;0.0;0.0;0.0;0.0;0.0;0.0;0.0;0.0;0.0;0.0;0.0;0.0;0.0;0.0;0.0;0.0;0.0;0.0;0.0;0.0;0.0;0.0;0.0;0.0;0.0;0.0;0.0;0.0;0.0;0.0;0.0;0.0;0.0;0.0;0.0;0.0;0.0;0.0;0.0;0.0;0.0;0.0;0.0;0.0;0.0;0.0;0.0;0.0
Peru;0.0;0.0;0.0;0.0;0.0;0.0;0.0;0.0;0.0;0.0;0.0;0.0;0.0;0.0;0.0;0.0;0.0;0.0;0.0;0.0;0.0;0.0;0.0;0.0;0.0;0.0;0.0;0.0;0.0;0.0;0.0;0.0;0.0;0.0;0.0;0.0;0.0;0.0;0.0;0.0;0.0;0.0;0.0;0.0;0.0;0.0;0.0;0.0;0.0;0.0;0.0;0.0;0.0;0.0;0.0;0.0;0.0;0.0;0.0;0.0;0.0;0.0;0.0;1388.3;0.0;43012.0;78232.5;0.0;0.0;0.0;0.0;0.0;0.0;0.0;0.0;79486.8;0.0;0.0;0.0;0.0;0.0;0.0;0.0;0.0;0.0;0.0;0.0;0.0;0.0;0.0;0.0;0.0;0.0;0.0;0.0;0.0;0.0;0.0;0.0;0.0;0.0;0.0;0.0;0.0;0.0;0.0;0.0;0.0;0.0;0.0;0.0;0.0;0.0;0.0;0.0;0.0;0.0;0.0;0.0;0.0;0.0;0.0;0.0
Portugal;4440.0;729.3;204.1;149.2;114.4;1731.0;4225.9;1856.0;3447.2;4636.5;6641.5;3742.6;5260.7;9346.4;10295.3;2587.3;4199.2;8340.8;3733.4;1424.3;108.1;4728.9;477.3;1593.2;732.3;2253.2;0.0;307.4;110.6;298.8;140.1;0.0;52.8;0.0;1528.8;847.5;1983.7;1834.0;4373.0;955.7;80.3;1142.6;522.2;1326.8;842.1;0.0;624.8;0.0;54.4;4061.3;338.8;182.0;757.1;203.2;595.0;1334.7;807.2;1497.1;653.4;1966.9;1232.2;1021.4;2414.7;1764.8;2565.9;1613.8;2664.8;3071.8;1877.9;2699.6;4872.1;1423.4;4560.8;2148.1;3946.4;2665.7;3639.5;1889.3;4802.7;3439.7;3920.1;3711.9;3582.3;4541.8;7457.2;9936.3;7940.5;6782.9;12866.0;10231.4;13483.0;9237.6;6958.0;6229.8;13097.5;11282.1;12906.1;11600.4;12072.9;8246.5;17591.8;24828.5;5511.6;23363.4;46369.0;38251.1;41151.6;27824.7;54990.5;36730.8;30293.8;12198.4;12347.2;20889.8;39570.8;23342.6;27815.9;32478.2;16808.7;17025.4;24852.8;42477.7;21437.3
Pólland;0.6;0.0;0.0;0.0;0.0;0.0;0.0;0.0;0.0;0.0;0.0;0.0;0.0;0.0;10.3;0.0;1497.9;13500.0;344.0;0.0;0.0;0.0;0.0;0.0;0.0;0.0;0.0;0.0;0.0;1855.9;3029.5;6754.5;0.0;924.5;0.0;69.0;0.0;0.0;19792.9;4251.9;0.0;0.0;882.6;8645.0;82.5;112.0;12936.9;23643.3;11420.6;16998.1;61212.0;5604.5;1102.6;1842.0;23605.7;2881.2;11802.6;9548.9;14021.3;10556.0;4951.5;10862.0;18219.9;6336.9;20632.3;8602.7;24747.3;50760.4;17773.8;23720.4;31221.2;37520.6;18856.1;24489.6;61978.5;45842.1;50650.7;25078.6;144400.0;71533.4;22718.1;109450.5;61561.2;31949.6;23425.5;47611.2;68327.8;63027.9;51945.2;34548.4;23977.0;87984.4;33340.9;19298.2;57128.8;140855.2;47902.2;48108.1;97458.1;59216.6;42612.4;34802.3;85817.8;107172.4;93422.0;29386.7;78394.8;53257.3;100817.9;12456.1;71735.8;23921.5;31218.8;16238.3;42211.2;163367.7;95248.8;85453.2;73335.6;47930.2;63408.6;43541.8;75234.7
Rumenia;0.0;0.0;0.0;0.0;0.0;0.0;0.0;0.0;0.0;0.0;0.0;0.0;0.0;0.0;0.0;0.0;0.0;0.0;0.0;3007.7;182.9;0.0;0.0;0.0;0.0;0.0;0.0;0.0;0.0;0.0;0.0;471.5;0.0;0.0;0.0;0.0;0.0;0.0;0.0;0.0;0.0;0.0;0.0;0.0;0.0;0.0;0.0;0.0;0.0;0.0;0.0;0.0;0.0;25.7;0.0;0.0;1624.3;429.8;775.6;362.5;666.0;229.5;310.7;92.9;0.0;0.0;387.4;0.0;0.0;363.1;613.1;1029.0;0.0;2516.1;0.0;0.0;828.2;0.0;5537.9;3227.5;0.0;1459.0;12316.0;606.8;0.0;135.7;0.0;3041.7;633.1;1123.3;0.0;0.0;2202.8;3396.1;2555.9;3213.3;13446.7;3052.8;695.0;0.0;21627.7;969.0;7465.4;1486.7;4407.5;870.0;1871.6;2196.4;1343.6;2198.9;1665.2;3945.0;5973.9;4048.0;2702.0;6735.7;7703.8;10167.0;7841.8;19736.5;2151.9;273.0;12729.7
Russland;1766.2;2963.7;632.0;557.2;516.0;1180.0;622.6;377.1;1049.0;989.4;727.6;984.1;4140.2;574.4;3464.3;4553.7;2070.4;1264.1;5951.4;2063.8;2169.3;2774.6;1642.7;0.0;119.9;148.1;27060.2;0.0;10949.7;2744.4;2568.0;582.3;1264.0;0.0;608.0;2125.4;7681.2;1814.7;13016.8;5478.5;4211.0;21614.4;9524.9;3532.1;3042.2;2012.5;8591.1;10028.5;11403.9;18466.2;6590.7;95070.9;13966.7;13166.7;37305.3;50957.6;19389.9;21654.9;39509.6;46256.6;17266.1;29780.2;38180.4;24310.6;28992.9;37294.3;48067.3;49581.0;39518.0;11847.9;59283.3;40154.4;230351.6;24777.0;54797.4;117967.4;104221.4;85205.8;96730.9;187909.5;108319.2;62629.9;251391.0;299722.5;91273.5;106636.5;337675.0;551953.0;328588.7;409670.8;397924.4;676102.2;413891.5;400431.1;488702.4;651172.1;746330.6;464273.4;438702.2;911717.4;598081.3;445508.3;464730.3;683270.3;512648.9;344701.3;534460.0;838883.7;552307.0;272516.4;555032.0;544848.6;512944.4;310548.5;732672.5;776467.1;406717.6;98368.7;140484.1;368489.4;621956.9;104391.0;169815.7
Sambandsríki Amerika (USA);13075.2;12604.4;18869.2;8596.1;10379.1;23229.8;12230.0;13739.3;6745.9;9099.6;13222.5;11530.6;15880.3;10999.5;7079.3;17082.2;12011.8;22214.4;25810.4;34681.1;24105.2;23797.6;20726.3;44509.6;53982.3;59578.8;39823.9;82273.8;76642.9;64051.0;67139.5;92242.7;38894.6;31843.0;19127.6;31035.9;35070.9;35238.0;19139.9;26212.8;17553.9;11108.3;37182.8;18733.1;9998.9;10624.5;9679.9;12259.2;14926.4;7751.8;5626.7;5620.1;9432.6;739.2;8776.0;6549.4;13397.6;10120.2;10724.9;5227.5;2180.3;9012.4;20917.6;34365.3;49066.2;90236.3;83865.4;83059.5;66781.7;98367.3;77419.6;111255.8;115429.9;166581.8;113974.3;102377.6;64514.5;84874.6;98545.5;117522.4;139258.5;165784.3;179516.2;158146.4;186479.7;167429.2;163587.9;142160.9;108115.7;148223.4;159023.1;186573.2;200158.3;225905.5;221989.3;250428.8;203617.0;233674.6;181649.8;160018.0;153650.1;172975.6;149819.1;228857.8;235398.2;246094.6;211588.3;273089.0;237434.5;172180.2;151318.1;157628.1;199120.7;260019.9;246903.2;358034.1;354777.4;463331.7;436653.9;397487.2;411933.6;405787.7;490558.2
Sameindu Emirríkini;0.0;0.0;0.0;0.0;625.0;0.0;0.0;0.0;0.0;0.0;0.0;0.0;0.0;0.0;0.0;0.0;0.0;0.0;0.0;0.0;0.0;0.0;0.0;0.0;0.0;0.0;0.0;0.0;0.0;0.0;0.0;0.0;0.0;0.0;0.0;0.0;0.0;0.0;0.0;0.0;0.0;0.0;0.0;0.0;0.0;0.0;0.0;0.0;0.0;0.0;0.0;0.0;0.0;0.0;0.0;0.0;0.0;6.9;0.0;0.0;0.0;0.0;0.0;0.0;0.0;0.0;0.0;0.0;5698.7;211.8;1392.8;1178.6;0.0;234.8;0.0;903.8;3689.0;2749.3;3262.5;3569.7;5275.5;10090.4;10857.6;11665.9;7912.0;10916.3;2760.4;3093.9;1938.7;2139.3;22495.9;12395.8;4926.5;1170.7;7176.8;6425.7;5114.3;11773.3;13392.3;6534.4;5606.6;7105.8;3997.0;34296.5;26755.6;12827.1;9952.4;15869.5;9394.8;20982.2;3997.0;846.4;5511.1;253.8;0.0;12569.1;6451.1;1822.9;3927.6;61827.5;726.1;1376.7;4624.3
Samoa;0.0;0.0;0.0;0.0;0.0;0.0;0.0;0.0;0.0;0.0;0.0;0.0;0.0;0.0;0.0;0.0;0.0;0.0;0.0;0.0;0.0;0.0;0.0;0.0;0.0;0.0;0.0;0.0;0.0;0.0;0.0;0.0;0.0;0.0;0.0;0.0;0.0;0.0;0.0;0.0;0.0;0.0;0.0;0.0;0.0;0.0;0.0;0.0;0.0;0.0;0.0;0.0;0.0;0.0;0.0;0.0;0.0;0.0;0.0;0.0;0.0;0.0;0.0;0.0;0.0;0.0;0.0;0.0;0.0;0.0;516.0;0.0;0.0;0.0;0.0;0.0;0.0;0.0;0.0;0.0;0.0;0.0;0.0;0.0;0.0;0.0;0.0;0.0;0.0;0.0;0.0;0.0;0.0;0.0;0.0;0.0;0.0;0.0;0.0;0.0;0.0;0.0;0.0;0.0;0.0;0.0;0.0;0.0;0.0;0.0;0.0;0.0;0.0;0.0;0.0;0.0;0.0;0.0;0.0;0.0;0.0;0.0;0.0
San Marino;0.0;0.0;0.0;0.0;0.0;0.0;0.0;0.0;0.0;0.0;0.0;0.0;0.0;0.0;0.0;0.0;0.0;0.0;0.0;0.0;0.0;0.0;0.0;0.0;0.0;0.0;0.0;0.0;0.0;0.0;0.0;0.0;0.0;0.0;0.0;0.0;0.0;0.0;0.0;0.0;0.0;0.0;0.0;0.0;0.0;0.0;0.0;0.0;0.0;0.0;0.0;0.0;0.0;0.0;0.0;0.0;0.0;0.0;0.0;0.0;0.0;0.0;0.0;0.0;0.0;0.0;0.0;0.0;0.0;582.1;0.0;1359.8;0.0;661.7;1774.4;2176.5;0.0;1231.3;1741.1;1180.1;0.0;570.4;570.9;0.0;0.0;578.9;599.1;0.0;0.0;0.0;0.0;0.0;0.0;0.0;0.0;0.0;0.0;0.0;0.0;0.0;0.0;0.0;14.3;5.8;2.9;0.0;0.0;0.0;752.3;0.0;1443.2;234.9;725.9;633.9;726.2;1686.9;851.4;2691.5;0.0;778.7;0.0;1011.1;0.0
Saudiarabia;0.0;0.0;0.0;0.0;0.0;0.0;0.0;0.0;14.2;0.0;0.0;0.0;0.0;0.0;0.0;0.0;0.0;0.0;0.0;0.0;0.0;0.0;0.0;0.0;0.0;0.0;0.0;0.0;0.0;0.0;0.0;0.0;0.0;0.0;0.0;0.0;0.0;0.0;0.0;0.0;0.0;466.7;0.0;0.0;0.0;4.0;0.0;0.0;0.0;0.0;0.0;0.0;0.0;0.0;0.0;0.0;0.0;0.0;0.0;0.0;0.0;0.0;0.0;0.0;23.8;240.7;0.0;0.0;0.0;0.0;0.0;0.0;0.0;0.0;0.0;0.0;131.6;0.0;47.8;0.0;389.2;296.9;0.0;0.0;0.0;0.0;0.0;0.0;0.0;0.0;0.0;0.0;0.0;0.0;0.0;0.0;0.0;0.0;0.0;0.0;0.0;0.0;205.3;748.4;200.9;0.0;0.0;0.0;0.0;0.0;0.0;0.0;0.0;0.0;0.0;0.0;0.0;0.0;0.0;0.0;195.5;0.0;0.0
Seyskelloyggjar;0.0;0.0;0.0;0.0;0.0;0.0;0.0;0.0;0.0;0.0;0.0;0.0;0.0;0.0;0.0;0.0;0.0;0.0;0.0;0.0;0.0;0.0;0.0;0.0;0.0;0.0;0.0;0.0;0.0;0.0;0.0;0.0;0.0;0.0;0.0;0.0;0.0;0.0;0.0;0.0;0.0;0.0;0.0;0.0;0.0;0.0;0.0;0.0;0.0;0.0;0.0;0.0;0.0;0.0;0.0;0.0;0.0;0.0;0.0;0.0;0.0;0.0;0.0;0.0;0.0;0.0;0.0;0.0;0.0;0.0;0.0;99.5;0.0;0.0;0.0;0.0;0.0;2.9;0.0;0.0;0.0;0.0;0.0;0.0;0.0;0.0;0.0;0.0;0.0;0.0;0.0;0.0;0.0;0.0;0.0;0.0;0.0;0.0;0.0;0.0;0.0;0.0;0.0;0.0;0.0;0.0;0.0;0.0;0.0;0.0;0.0;0.0;0.0;0.0;0.0;0.0;0.0;0.0;0.0;0.0;0.0;0.0;0.0
Sierra Leona;0.0;0.0;0.0;0.0;0.0;0.0;0.0;0.0;0.0;0.0;0.0;0.0;0.0;0.0;0.0;0.0;0.0;0.0;0.0;0.0;0.0;0.0;0.0;0.0;0.0;0.0;0.0;0.0;0.0;0.0;0.0;0.0;0.0;0.0;0.0;0.0;0.0;0.0;0.0;0.0;0.0;0.0;0.0;0.0;0.0;0.0;0.0;0.0;0.0;0.0;0.0;0.0;0.0;0.0;0.0;0.0;0.0;0.0;0.0;0.0;0.0;0.0;0.0;0.0;0.0;0.0;0.0;0.0;0.0;0.0;0.0;0.0;0.0;0.0;0.0;0.0;0.0;953.9;0.0;0.0;0.0;0.0;0.0;0.0;0.0;0.0;0.0;0.0;0.0;0.0;0.0;0.0;0.0;0.0;0.0;0.0;0.0;0.0;0.0;0.0;0.0;0.0;0.0;0.0;0.0;0.0;0.0;0.0;0.0;0.0;0.0;0.0;0.0;0.0;0.0;0.0;0.0;0.0;0.0;0.0;0.0;0.0;0.0
Singapor;0.0;0.0;0.0;140.1;362.0;105.5;0.0;0.0;0.0;0.0;0.0;0.0;0.0;0.0;0.0;0.0;0.0;0.0;0.0;0.0;0.0;0.0;0.0;0.0;0.0;0.0;0.0;0.0;0.0;0.0;0.0;0.0;0.0;0.0;0.0;0.0;0.0;0.0;0.0;0.0;0.0;0.0;0.0;0.0;0.0;0.0;668.4;0.0;0.0;0.0;0.0;0.0;0.0;0.0;0.0;0.0;0.0;0.0;0.0;0.0;0.0;0.0;0.0;0.0;0.0;0.0;0.0;0.0;0.0;0.0;0.0;0.0;2340.2;261.2;0.0;0.0;392.3;303.7;7.6;3100.9;1912.1;5591.5;3148.4;7491.1;12650.7;14520.8;4771.8;4150.3;767.4;0.0;0.0;19320.0;2716.9;1904.4;179.4;185.9;0.0;893.7;3541.7;156.5;435.0;0.0;0.0;0.0;1151.3;472.5;0.0;0.0;695.2;0.0;0.0;39.9;185.6;105.6;80.5;2347.3;2207.3;2615.3;0.0;0.0;1529.3;26244.7;7724.4
Slovakia;0.0;0.0;0.0;0.0;0.0;0.0;0.0;0.0;0.0;0.0;0.0;0.0;0.0;0.0;0.0;0.0;0.0;0.0;0.0;0.0;0.0;0.0;0.0;0.0;0.0;0.0;0.0;0.0;0.0;0.0;0.0;0.0;0.0;0.0;0.0;0.0;0.0;0.0;0.0;0.0;0.0;0.0;0.0;0.0;336.7;322.7;671.3;792.7;343.4;0.0;0.0;0.0;0.0;0.0;0.0;0.0;0.0;0.0;0.0;0.0;0.0;0.0;0.0;0.0;0.0;0.0;0.0;0.0;0.0;0.0;0.0;0.0;0.0;0.0;0.0;0.0;0.0;0.0;0.0;0.0;0.0;0.0;0.0;0.0;0.0;0.0;0.0;0.0;0.0;72.0;0.0;0.0;0.0;0.0;0.0;0.0;305.4;826.4;138.2;566.1;599.5;648.7;592.0;142.7;310.1;283.0;1968.9;0.0;1046.2;546.8;750.0;2035.0;334.5;621.2;382.3;1099.1;1128.1;53.7;401.1;593.8;0.0;0.0;0.0
Slovenia;0.0;0.0;0.0;0.0;0.0;0.0;0.0;0.0;0.0;0.0;0.0;0.0;0.0;0.0;0.0;0.0;0.0;0.0;0.0;0.0;0.0;0.0;0.0;0.0;0.0;0.0;0.0;0.0;0.0;0.0;0.0;0.0;0.0;0.0;0.0;0.0;0.0;0.0;0.0;190.0;0.0;0.0;0.0;0.0;0.0;71.1;0.0;27.4;0.0;0.0;27.5;30.6;0.0;0.0;0.0;29.8;0.0;0.0;0.0;0.0;2341.7;0.0;0.0;0.0;0.0;0.0;0.0;0.0;0.0;0.0;8576.2;990.3;0.0;2135.8;2918.4;0.0;0.0;0.0;0.0;0.0;0.0;0.0;0.0;0.0;0.0;0.0;0.0;0.0;0.0;0.0;0.0;0.0;0.0;0.0;0.0;0.0;0.0;0.0;0.0;0.0;0.0;0.0;0.0;0.0;166.6;165.6;368.3;261.9;310.0;379.4;154.4;411.8;252.8;295.4;0.0;246.2;276.0;165.6;117.7;131.6;0.0;0.0;0.0
Sovjetsamveldið;0.0;0.0;0.0;0.0;0.0;0.0;0.0;0.0;0.0;0.0;0.0;0.0;0.0;0.0;0.0;0.0;0.0;0.0;0.0;0.0;0.0;0.0;0.0;0.0;0.0;0.0;0.0;0.0;0.0;0.0;0.0;0.0;0.0;0.0;0.0;0.0;0.0;0.0;0.0;0.0;0.0;0.0;0.0;0.0;0.0;0.0;0.0;0.0;0.0;0.0;0.0;0.0;0.0;0.0;0.0;0.0;0.0;0.0;0.0;0.0;0.0;0.0;0.0;0.0;0.0;0.0;0.0;0.0;0.0;0.0;0.0;0.0;0.0;0.0;0.0;0.0;0.0;0.0;0.0;0.0;0.0;0.0;0.0;0.0;0.0;0.0;0.0;0.0;0.0;0.0;0.0;0.0;0.0;0.0;0.0;0.0;0.0;0.0;0.0;0.0;0.0;0.0;0.0;0.0;0.0;0.0;0.0;0.0;0.0;0.0;0.0;0.0;0.0;0.0;0.0;0.0;0.0;0.0;0.0;0.0;0.0;0.0;0.0
Spania;29788.7;31916.3;29861.6;22079.0;33872.3;19618.8;26405.4;15215.7;27118.5;27769.1;19661.7;23202.2;51264.0;24901.2;30556.0;33104.3;35390.8;24385.5;29954.4;51540.6;47361.2;53264.5;23882.0;55024.6;72267.0;37014.3;44140.0;78582.3;95133.3;61704.1;52990.0;117154.8;169261.0;108301.3;103174.3;122776.8;142112.0;117150.9;84878.4;133821.7;162360.4;82004.5;85163.3;137925.9;142360.3;93707.2;40835.5;92472.4;97335.0;91734.0;58479.6;101196.1;104262.2;74132.1;60681.5;75859.5;104001.5;71263.2;66489.5;102523.1;116604.5;78944.9;49699.1;81410.4;72866.4;36765.9;22418.9;44067.6;70699.3;35968.2;42319.5;55453.1;90662.3;58262.4;53390.1;55297.3;75404.4;49820.2;21908.3;39078.9;59295.9;46405.0;75226.6;38069.0;69665.9;40039.3;29477.9;40007.8;58214.5;38114.0;54285.0;46989.6;62703.7;37975.0;39434.5;43398.2;66733.5;58300.0;49838.9;52585.8;69016.4;60869.4;51843.1;73877.0;138394.4;115297.5;93752.6;151167.9;124981.5;130499.4;126374.1;137305.0;180191.6;196683.7;148399.1;220707.0;235691.4;254836.6;212508.7;230534.3;242607.9;260875.5;239118.3
St. Kitts & Nevis;0.0;0.0;0.0;0.0;0.0;0.0;0.0;0.0;0.0;0.0;0.0;0.0;0.0;0.0;0.0;0.0;0.0;0.0;0.0;0.0;0.0;0.0;0.0;0.0;0.0;0.0;0.0;0.0;0.0;0.0;0.0;0.0;0.0;0.0;0.0;0.0;0.0;0.0;0.0;0.0;0.0;0.0;0.0;0.0;0.0;0.0;0.0;0.0;0.0;0.0;0.0;0.0;0.0;0.0;0.0;0.0;0.0;0.0;0.0;0.0;0.0;0.0;0.0;0.0;0.0;0.0;0.0;0.0;0.0;0.0;0.0;0.0;0.0;0.0;0.0;0.0;0.0;0.0;0.0;0.0;0.0;0.0;7008.8;0.0;0.0;0.0;242.5;0.0;0.0;0.0;0.0;0.0;0.0;0.0;0.0;0.0;0.0;0.0;0.0;0.0;0.0;0.0;228.0;0.0;0.0;428.8;0.0;0.0;0.0;0.0;0.0;0.0;0.0;0.0;0.0;0.0;0.0;0.0;0.0;0.0;0.0;0.0;0.0
St. Vinsent & Grenadinoyggjar;0.0;0.0;0.0;0.0;0.7;0.0;0.0;0.0;0.0;0.0;0.0;0.0;0.0;0.0;0.0;0.0;0.0;0.0;0.0;0.0;0.0;0.0;0.0;0.0;0.0;0.0;0.0;0.0;0.0;0.0;0.0;0.0;0.0;0.0;0.0;0.0;0.0;0.0;0.0;0.0;0.0;0.0;0.0;0.0;0.0;0.0;0.0;0.0;0.0;0.0;0.0;0.0;136.5;0.0;434.6;0.0;0.0;338.4;0.0;0.0;486.8;0.0;2863.2;0.0;0.0;0.0;0.0;0.0;0.0;0.0;0.0;0.0;0.0;529.5;0.0;0.0;0.0;0.0;0.0;0.0;169.2;0.0;0.0;0.0;0.0;0.0;0.0;0.0;0.0;0.0;0.0;0.0;0.0;0.0;0.0;0.0;0.0;0.0;0.0;0.0;5553.9;0.0;0.0;0.0;0.0;0.0;0.0;66.9;0.0;0.0;0.0;0.0;0.0;0.0;0.0;0.0;0.0;0.0;0.0;0.0;0.0;0.0;0.0
Suðurafrika;5000.0;0.0;0.0;0.0;0.0;0.0;0.0;0.0;0.0;0.0;3061.5;0.0;0.0;0.0;0.0;0.0;456.8;0.0;0.0;16.6;0.0;578.9;19000.0;1500.0;0.0;0.0;0.0;0.0;0.0;0.0;0.0;0.0;0.0;0.0;0.0;0.0;0.0;0.0;0.0;0.0;0.0;0.0;0.0;0.0;0.0;0.0;0.0;0.0;0.0;0.0;0.0;0.0;0.0;0.0;0.0;0.0;0.0;0.0;0.0;0.0;0.0;0.0;19550.0;0.0;173.8;1796.9;477.1;163.1;0.0;39.5;256.9;191.1;210.0;656.4;1218.9;632.7;568.2;1108.4;1935.4;5696.2;2496.4;2272.3;2539.1;1333.3;1145.2;2970.8;198.7;0.0;210.3;0.0;0.0;0.0;3356.1;0.0;0.0;0.0;0.0;0.0;0.0;0.0;0.0;0.0;370.4;0.0;0.0;0.0;0.0;0.0;1.4;0.0;0.0;0.0;0.0;0.0;0.0;0.0;0.0;0.0;0.0;0.0;0.0;366.5;0.0
Suðurkorea;0.0;0.0;0.0;0.0;0.0;0.0;0.0;0.0;0.0;163.2;0.0;0.0;0.0;0.0;0.0;0.0;0.0;0.0;1426.7;0.0;0.0;0.0;0.0;0.0;0.0;0.0;0.0;0.0;0.0;0.0;617.5;0.0;279.2;274.2;3584.7;0.0;0.0;0.0;0.0;0.0;0.0;283.1;288.4;272.4;256.1;399.1;0.0;112.6;70.5;498.1;0.0;0.0;0.0;0.0;300.5;30.1;5044.2;3.8;0.0;0.0;2177.4;0.0;0.0;0.0;0.0;0.0;0.0;0.0;0.0;0.0;0.0;0.0;0.0;0.0;0.0;0.0;0.0;0.0;0.0;0.0;0.0;0.0;0.0;0.0;0.0;1139.4;0.0;0.0;0.0;914.6;0.0;281.9;100.8;0.0;0.0;217.4;0.0;0.0;0.0;29.4;156.1;0.0;535.3;0.0;0.0;0.0;0.0;0.8;0.0;0.0;6.3;0.0;106.1;4007.3;2368.0;0.0;210.4;0.0;0.0;1670.8;0.0;0.0;2880.5
Svasiland;0.0;0.0;0.0;0.0;0.0;0.0;0.0;0.0;0.0;0.0;0.0;0.0;0.0;0.0;0.0;0.0;0.0;0.0;0.0;0.0;0.0;0.0;0.0;0.0;0.0;0.0;0.0;0.0;0.0;0.0;0.0;0.0;0.0;0.0;0.0;0.0;0.0;0.0;0.0;0.0;0.0;0.0;0.0;0.0;0.0;0.0;0.0;0.0;0.0;0.0;0.0;0.0;0.0;0.0;0.0;0.0;0.0;0.0;0.0;0.0;0.0;0.0;0.0;0.0;0.0;0.0;0.0;0.0;0.0;0.0;0.0;0.0;0.0;0.0;0.0;0.0;0.0;0.0;0.0;0.0;0.0;0.0;0.0;0.0;28.0;34.9;0.0;0.0;0.0;0.0;0.0;0.0;0.0;0.0;0.0;0.0;0.0;0.0;0.0;0.0;0.0;0.0;0.0;0.0;0.0;0.0;0.0;0.0;0.0;0.0;0.0;0.0;0.0;0.0;0.0;0.0;0.0;0.0;0.0;0.0;0.0;0.0;0.0
Sveis-Liktinstein;5212.3;10777.5;5468.9;10009.3;5025.4;4380.9;4619.4;5160.9;4165.0;3569.9;2667.7;2214.3;3892.1;1482.6;710.7;695.6;820.8;694.5;556.3;717.2;965.3;1127.8;707.1;818.6;964.6;758.7;964.5;916.8;986.6;982.6;976.6;1408.3;4014.8;2648.4;1828.9;2698.9;1608.3;2149.2;1527.1;2790.2;2292.1;1037.0;868.9;2195.8;2532.7;1624.1;1038.6;1060.4;1159.4;805.2;501.4;1042.5;1094.4;4964.8;7124.9;9998.8;4887.0;11115.0;6290.7;9207.2;6334.4;4199.0;46.1;170.8;2048.0;443.2;84.7;464.5;3051.8;403.7;471.6;1591.0;392.3;1847.0;408.8;332.7;788.9;1228.5;941.8;1939.7;2124.1;280.2;1761.9;1586.4;1864.7;343.0;1282.0;3167.5;3716.3;2152.2;2498.7;4004.9;3143.7;4212.9;6629.8;6494.5;1799.5;11921.3;4546.4;3624.5;11567.1;2742.8;2186.5;7182.1;4628.0;1222.9;7618.0;3845.2;3496.2;14004.9;11500.1;14808.1;15118.2;6946.3;10750.7;10839.3;13419.3;12893.4;10280.6;16567.7;10512.2;13939.8;20136.6
Svøríki;6470.2;7614.8;4896.0;6499.1;19251.7;17520.4;15600.7;9127.1;17597.7;13537.4;16499.8;5176.6;3125.8;3114.9;3990.4;2059.5;3760.5;4895.2;4314.8;3874.5;2583.7;8016.7;4411.0;1068.0;7693.9;7184.0;8909.4;9302.5;12020.8;17183.5;10273.3;15620.2;9733.6;14880.3;12243.3;8462.6;20994.5;11230.8;8728.3;14616.8;6294.7;10586.0;11264.0;17210.4;16525.7;12314.7;9878.3;7958.1;9661.6;6982.2;3346.1;4832.3;5547.0;5902.1;8972.9;6697.9;8050.1;8456.8;7910.7;6683.9;8435.1;9190.7;5580.4;4865.4;8067.2;8093.3;6980.8;14016.7;10725.0;6778.5;14755.5;10454.6;7144.3;11970.3;12578.8;9971.1;24290.5;26518.8;20366.8;22292.4;29419.5;45053.1;27302.0;24594.2;26857.5;37270.1;12187.8;37949.2;12770.5;12152.9;26716.4;10073.5;4408.3;25809.2;21621.7;17043.8;18526.0;20650.2;17703.1;17744.7;19291.1;26442.2;6623.3;4510.9;9158.6;18040.0;14326.2;14584.0;15068.4;15689.6;20665.3;11435.6;2648.7;16367.1;10935.4;15533.5;22831.6;13865.0;17295.0;16630.5;13540.6;15531.6;12959.6
Tailand;0.0;0.0;0.0;0.0;0.0;0.0;0.0;0.0;0.0;59.6;0.0;0.0;0.0;0.0;16531.8;7518.5;3618.7;7257.4;5933.5;906.7;0.0;1711.0;0.0;391.1;415.9;462.2;616.9;477.1;0.0;0.0;0.0;0.0;679.9;0.0;0.0;0.0;0.0;0.0;3230.9;4650.2;1807.9;551.9;845.5;2073.5;1550.5;658.8;737.1;378.8;560.3;0.0;1919.9;4755.3;0.0;575.5;0.0;939.0;1312.9;0.0;1305.6;4618.1;1387.8;6262.5;4931.3;7252.6;7049.2;687.9;595.8;2996.9;3511.9;0.0;2990.9;2215.0;0.0;0.0;664.7;1138.5;0.0;0.0;1301.3;998.4;541.7;0.0;0.0;0.0;0.0;0.0;1.3;184.0;722.7;0.0;0.0;0.0;202.5;202.5;0.0;0.0;671.1;0.0;0.0;82.6;0.0;0.0;0.0;0.0;0.0;0.0;0.0;0.0;0.0;0.0;0.0;0.0;0.0;5504.2;0.0;0.0;927.5;1123.0;2863.2;1847.4;2404.5;4632.2;2125.5
Taivan;3656.7;547.6;4778.9;3066.9;837.8;1030.9;216.8;0.0;0.0;600.2;1054.3;0.0;0.0;8769.8;10781.6;0.0;2959.4;0.0;6272.0;6175.7;3326.6;0.0;0.0;0.0;0.0;0.0;1127.5;496.1;0.0;0.0;0.0;0.0;0.0;577.1;820.8;0.0;0.0;0.0;0.0;490.1;80.5;2598.9;4553.5;1826.1;0.0;983.9;0.0;2056.8;92.4;0.0;581.4;0.0;267.1;0.0;196.8;0.0;241.6;0.0;2260.9;836.0;1093.1;0.0;4895.8;7723.6;6004.3;21885.8;12093.4;13540.1;2994.4;1645.7;4398.9;9663.0;864.0;1897.2;5382.8;12030.3;7392.9;6976.7;13672.1;28723.8;33305.3;19960.7;28385.5;7621.1;4409.4;1630.8;5800.2;4398.5;0.0;0.0;6387.4;6066.6;0.0;2476.5;12216.6;4051.5;3165.2;37695.3;13766.7;2235.2;0.0;1911.9;0.0;4758.8;3822.9;2862.0;4825.9;23391.2;10284.3;1110.6;0.0;4684.1;2030.1;4015.2;940.7;3620.4;5173.3;695.7;3022.2;5114.9;7099.1;3271.9;704.5
Tansania;0.0;0.0;0.0;0.0;0.0;0.0;0.0;0.0;0.0;0.0;0.0;0.0;0.0;0.0;0.0;0.0;0.0;0.0;0.0;0.0;0.0;0.0;0.0;0.0;0.0;0.0;0.0;0.0;0.0;0.0;0.0;0.0;0.0;0.0;0.0;0.0;0.0;0.0;0.0;0.0;0.0;0.0;0.0;0.0;0.0;0.0;0.0;0.0;0.0;0.0;0.0;0.0;0.0;0.0;0.0;0.0;0.0;0.0;0.0;0.0;0.0;0.0;0.0;0.0;0.0;0.0;0.0;0.0;0.0;0.0;0.0;294.7;0.0;0.0;0.0;0.0;0.0;0.0;0.0;0.0;0.0;0.0;0.0;0.0;0.0;0.0;0.0;0.0;0.0;0.0;0.0;0.0;0.0;0.0;0.0;0.0;0.0;0.0;0.0;0.0;0.0;0.0;0.0;0.0;0.0;0.0;0.0;0.0;0.0;0.0;0.0;0.0;0.0;0.0;0.0;0.0;0.0;0.0;0.0;0.0;0.0;0.0;0.0
Togo;0.0;0.0;0.0;0.0;0.0;0.0;0.0;0.0;0.0;0.0;0.0;0.0;0.0;0.0;0.0;0.0;0.0;0.0;0.0;0.0;0.0;0.0;0.0;0.0;0.0;0.0;0.0;0.0;0.0;0.0;0.0;0.0;0.0;0.0;0.0;0.0;0.0;0.0;0.0;0.0;0.0;0.0;0.0;0.0;0.0;0.0;0.0;0.0;613.0;0.0;0.0;0.0;0.0;0.0;0.0;0.0;0.0;0.0;0.0;0.0;0.0;566.9;0.0;0.0;0.0;0.0;0.0;0.0;0.0;0.0;0.0;0.0;0.0;0.0;0.0;0.0;0.0;0.0;0.0;0.0;0.0;0.0;0.0;0.0;0.0;0.0;0.0;0.0;0.0;0.0;0.0;0.0;0.0;0.0;0.0;0.0;0.0;0.0;0.0;0.0;0.0;5.2;0.0;0.0;0.0;0.0;0.0;5579.9;276.7;0.0;211.8;105.5;0.0;872.0;743.4;0.0;1133.0;0.0;9692.3;0.0;442.4;0.0;0.0
Turkaland;0.0;0.0;0.0;0.0;0.0;0.0;0.0;0.0;0.0;0.0;0.0;0.0;0.0;688.3;0.0;608.9;0.0;0.0;0.0;0.0;0.0;732.8;0.0;0.0;0.0;0.0;0.0;0.0;0.0;82.9;0.0;0.0;0.0;0.0;0.0;0.0;0.0;0.0;0.0;0.0;0.0;0.0;0.0;0.0;184.2;0.0;0.0;0.0;0.0;0.0;0.0;0.0;0.0;0.0;0.0;3100.0;0.0;0.0;55.9;0.0;0.0;0.0;0.0;0.0;0.0;0.0;0.0;0.0;0.0;0.0;0.0;0.0;499.7;27.9;0.0;0.0;591.2;0.0;0.0;0.0;0.0;0.0;0.0;0.0;0.0;0.0;0.0;0.0;0.0;0.0;189.2;21.8;9.6;0.0;0.0;0.0;0.0;0.0;0.0;1245.1;0.0;549.6;0.0;0.0;445.9;176.8;1335.6;1171.0;732.3;1254.6;1759.0;2635.7;1080.1;830.4;1648.6;1144.8;9644.9;2643.1;7714.8;13894.8;5061.8;3930.2;1822.3
Turkmenistan;0.0;0.0;0.0;0.0;0.0;0.0;0.0;0.0;0.0;0.0;0.0;0.0;0.0;0.0;0.0;0.0;0.0;0.0;0.0;0.0;0.0;0.0;0.0;0.0;0.0;0.0;0.0;0.0;0.0;0.0;0.0;0.0;0.0;0.0;0.0;0.0;0.0;0.0;0.0;0.0;0.0;0.0;0.0;0.0;0.0;0.0;0.0;0.0;0.0;0.0;0.0;0.0;0.0;0.0;0.0;0.0;0.0;0.0;0.0;0.0;0.0;0.0;0.0;0.0;0.0;0.0;0.0;0.0;0.0;0.0;0.0;0.0;0.0;0.0;0.0;0.0;0.0;0.0;0.0;0.0;0.0;0.0;0.0;0.0;0.0;0.0;0.0;0.0;0.0;0.0;0.0;0.0;0.0;0.0;0.0;0.0;0.0;0.0;0.0;0.0;0.0;0.0;0.0;0.0;0.0;0.0;619.5;0.0;0.0;0.0;0.0;0.0;0.0;0.0;0.0;0.0;0.0;0.0;0.0;0.0;0.0;0.0;0.0
Turks og Caicosoyggjar;0.0;0.0;0.0;0.0;0.0;0.0;0.0;0.0;0.0;0.0;0.0;0.0;0.0;0.0;0.0;0.0;0.0;0.0;0.0;0.0;0.0;0.0;0.0;0.0;0.0;0.0;0.0;0.0;0.0;0.0;0.0;0.0;0.0;0.0;0.0;0.0;3000.0;0.0;0.0;0.0;0.0;0.0;0.0;0.0;0.0;0.0;0.0;0.0;695.0;0.0;0.0;0.0;0.0;0.0;0.0;0.0;0.0;0.0;0.0;0.0;0.0;0.0;0.0;0.0;0.0;0.0;0.0;0.0;0.0;0.0;0.0;0.0;0.0;0.0;0.0;0.0;0.0;0.0;0.0;0.0;0.0;0.0;0.0;0.0;0.0;0.0;0.0;0.0;0.0;0.0;0.0;0.0;0.0;0.0;0.0;0.0;0.0;0.0;0.0;0.0;0.0;0.0;0.0;0.0;0.0;0.0;0.0;0.0;0.0;0.0;0.0;0.0;0.0;0.0;425.8;0.0;0.0;0.0;0.0;0.0;0.0;0.0;0.0
Týskland;87680.8;78771.8;68838.7;60093.1;66580.0;53299.2;62821.7;53959.5;61078.2;42952.6;32410.5;59853.1;55534.4;54517.7;47921.0;53926.8;48724.4;51549.3;58675.1;61400.2;61288.4;81488.1;93554.7;84118.3;51677.7;61608.5;46494.1;76870.6;55489.9;63648.4;78184.2;87935.2;86581.2;67548.2;78251.1;91643.0;70039.2;74971.2;65474.2;74498.7;50101.8;51119.5;57974.9;71048.6;52245.4;48723.7;44048.0;46656.8;40118.1;48595.2;33497.0;60806.4;65783.3;41929.0;37724.7;77963.6;67152.1;42626.0;38350.2;66297.0;58914.4;77109.5;62539.0;69479.4;81048.8;77419.2;62024.7;131904.2;158424.6;139131.6;93511.7;139604.5;150228.5;114179.7;96375.1;94334.9;71863.4;102357.6;95244.5;115615.4;99751.1;152366.5;164883.9;124152.6;164348.4;165689.4;134408.9;175282.2;105471.3;86304.4;92179.7;96412.3;92941.0;99729.1;119831.4;209107.8;144958.5;194191.6;188208.8;218608.4;97299.4;46888.3;23176.8;41728.3;109433.1;64437.3;27600.6;57407.4;116835.5;81772.8;43602.7;33306.5;39578.3;30728.1;30283.3;55299.5;108748.4;95905.6;71626.8;108655.5;116382.9;180609.2;89451.7
Uganda;0.0;0.0;0.0;0.0;0.0;0.0;0.0;0.0;0.0;0.0;0.0;0.0;0.0;0.0;0.0;0.0;0.0;0.0;0.0;0.0;0.0;0.0;0.0;0.0;0.0;0.0;0.0;0.0;0.0;0.0;0.0;0.0;0.0;0.0;0.0;0.0;0.0;0.0;0.0;0.0;0.0;0.0;0.0;0.0;0.0;0.0;0.0;0.0;0.0;0.0;0.0;0.0;0.0;0.0;0.0;0.0;0.0;0.0;28.5;0.0;0.0;0.0;0.0;0.0;0.0;0.0;0.0;0.0;0.0;0.0;0.0;0.0;0.0;0.0;0.0;0.0;0.0;0.0;0.0;0.0;0.0;0.0;0.0;0.0;0.0;0.0;0.0;0.0;0.0;0.0;0.0;0.0;0.0;0.0;0.0;0.0;0.0;0.0;0.0;0.0;0.0;0.0;0.0;0.0;0.0;0.0;0.0;0.0;0.0;0.0;0.0;0.0;0.0;0.0;0.0;0.0;0.0;0.0;0.0;0.0;0.0;0.0;0.0
Ukraina;0.0;0.0;0.0;0.0;0.0;0.0;0.0;0.0;0.0;0.0;0.0;0.0;0.0;0.0;0.0;0.0;0.0;0.0;0.0;0.0;0.0;0.0;0.0;0.0;0.0;0.0;0.0;0.0;0.0;0.0;0.0;0.0;0.0;0.0;260.4;521.6;558.0;400.9;585.9;284.3;179.8;1253.7;776.5;99.1;1587.4;1067.8;3435.4;2659.5;2604.2;5261.9;9790.8;7481.9;5392.5;2475.0;8080.7;1343.9;3171.0;879.0;765.1;1564.4;5115.1;5747.6;5273.2;9795.5;7447.3;11340.1;11974.0;4868.9;6113.0;1065.2;2262.4;8546.7;1904.2;6472.5;659.9;1768.0;1597.9;990.4;644.1;2089.6;3161.3;1620.3;1493.5;41492.4;953.5;17111.6;913.4;396.0;196.0;832.5;182.0;6979.7;106.6;419.5;1593.3;2474.8;5956.0;1698.5;525.1;5495.5;1888.8;7385.8;5177.8;26398.3;1573.2;674.6;10489.4;32171.6;7541.4;1473.0;41935.5;35002.8;12833.3;2629.2;20065.9;69059.9;24579.8;29780.1;38233.1;6821.5;14242.8;7158.8;7709.2
Ungarn;0.0;0.0;0.0;0.0;0.0;0.0;0.0;0.0;0.0;0.0;0.0;0.0;0.0;0.0;0.0;0.0;0.0;0.0;0.0;0.0;0.0;0.0;0.0;0.0;0.0;0.0;0.0;0.0;0.0;0.0;0.0;0.0;0.0;0.0;0.0;0.0;0.0;0.0;0.0;0.0;0.0;0.0;0.0;0.0;0.0;0.0;0.0;53.0;0.0;0.0;0.0;0.0;0.0;55.9;0.0;0.0;0.0;0.0;0.0;0.0;0.0;0.0;0.0;0.0;0.0;0.0;0.0;0.0;0.0;0.0;0.0;0.0;36.5;0.0;0.0;0.0;0.0;0.0;0.0;0.0;0.0;0.0;0.0;1325.5;0.0;0.0;0.0;0.0;0.0;0.0;0.0;0.0;0.0;0.1;0.0;0.0;0.0;0.0;0.0;0.0;0.0;0.0;0.0;0.0;0.0;0.0;0.0;297.1;0.0;0.0;0.0;0.0;0.0;0.0;66.2;596.2;148.9;521.2;384.3;295.8;0.0;592.7;0.0
Uruguai;0.0;0.0;0.0;0.0;0.0;0.0;0.0;0.0;0.0;0.0;0.0;0.0;0.0;0.0;0.0;0.0;0.0;117.3;0.0;0.0;0.0;0.0;0.0;0.0;0.0;0.0;0.0;0.0;0.0;0.0;0.0;0.0;0.0;0.0;0.0;0.0;0.0;0.0;0.0;0.0;0.0;0.0;0.0;0.0;0.0;0.0;0.0;0.0;0.0;0.0;0.0;0.0;0.0;0.0;0.0;0.0;0.0;0.0;0.0;0.0;289.8;0.0;0.0;0.0;0.0;318.0;0.0;0.0;0.0;0.0;0.0;0.0;0.0;0.0;0.0;0.0;0.0;0.0;0.0;0.0;0.0;0.0;0.0;0.0;0.0;0.0;0.0;0.0;0.0;0.0;0.0;0.0;0.0;0.0;0.0;0.0;0.0;0.0;0.0;0.0;0.0;0.0;0.0;0.0;0.0;0.0;0.0;0.0;0.0;0.0;0.0;0.0;0.0;0.0;0.0;0.0;0.0;0.0;0.0;0.0;0.0;0.0;0.0
Usbekistan;0.0;0.0;0.0;0.0;0.0;0.0;0.0;0.0;0.0;0.0;0.0;0.0;0.0;0.0;0.0;0.0;0.0;0.0;0.0;0.0;0.0;0.0;0.0;0.0;0.0;0.0;0.0;0.0;0.0;0.0;0.0;0.0;0.0;0.0;0.0;0.0;0.0;0.0;0.0;0.0;0.0;0.0;0.0;0.0;0.0;0.0;0.0;0.0;0.0;0.0;0.0;0.0;0.0;0.0;0.0;0.0;0.0;0.0;0.0;0.0;0.0;0.0;0.0;0.0;0.0;0.0;0.0;0.0;0.0;0.0;0.0;0.0;0.0;0.0;0.0;0.0;0.0;0.0;0.0;0.0;0.0;0.0;0.0;0.0;0.0;0.0;0.0;299.4;0.0;0.0;0.0;1792.7;0.0;0.0;0.0;0.0;0.0;0.0;0.0;0.0;0.0;0.0;0.0;0.0;0.0;0.0;0.0;0.0;0.0;0.0;0.0;0.0;0.0;0.0;0.0;0.0;0.0;0.0;0.0;0.0;0.0;0.0;0.0
Vanuatu;0.0;0.0;0.0;0.0;0.0;0.0;0.0;0.0;0.0;0.0;0.0;0.0;0.0;0.0;15500.0;5100.0;0.0;3000.0;0.0;0.0;0.0;0.0;0.0;0.0;0.0;0.0;0.0;0.0;0.0;0.0;0.0;0.0;0.0;0.0;0.0;0.0;0.0;0.0;0.0;0.0;0.0;0.0;0.0;0.0;0.0;0.0;0.0;0.0;0.0;0.0;0.0;0.0;0.0;0.0;0.0;0.0;0.0;0.0;0.0;0.0;0.0;0.0;0.0;0.0;0.0;0.0;0.0;0.0;0.0;0.0;0.0;0.0;0.0;0.0;0.0;0.0;0.0;0.0;0.0;0.0;0.0;0.0;0.0;0.0;0.0;0.0;0.0;0.0;0.0;0.0;0.0;0.0;0.0;0.0;0.0;0.0;0.0;0.0;0.0;0.0;0.0;0.0;0.0;0.0;0.0;0.0;0.0;0.0;0.0;0.0;0.0;0.0;0.0;0.0;0.0;0.0;0.0;0.0;0.0;0.0;0.0;0.0;0.0
Vatikanbýur;0.0;0.0;0.0;0.0;0.0;0.0;0.0;0.0;0.0;0.0;0.0;0.0;0.0;0.0;960.7;0.0;0.0;0.0;0.0;0.0;0.0;0.0;0.0;0.0;0.0;0.0;0.0;0.0;0.0;0.0;0.0;0.0;0.0;0.0;0.0;0.0;0.0;0.0;0.0;0.0;0.0;0.0;0.0;0.0;0.0;0.0;0.0;0.0;0.0;0.0;0.0;0.0;0.0;0.0;0.0;0.0;0.0;0.0;0.0;0.0;0.0;0.0;0.0;0.0;0.0;0.0;0.0;0.0;484.6;0.0;0.0;0.0;0.0;0.0;0.0;0.0;0.0;0.0;479.8;0.0;0.0;0.0;0.0;0.0;0.0;0.0;0.0;0.0;0.0;0.0;0.0;0.0;0.0;0.0;0.0;0.0;0.0;0.0;0.0;0.0;0.0;0.0;0.0;0.0;0.0;0.0;0.0;0.0;296.5;0.0;0.0;0.0;0.0;0.0;0.0;0.0;0.0;0.0;0.0;0.0;0.0;0.0;0.0
Virginoyggjar (Bretland);0.0;0.0;0.0;0.0;0.0;0.0;0.0;0.0;0.0;0.0;0.0;0.0;0.0;0.0;0.0;0.0;0.0;0.0;0.0;0.0;0.0;0.0;0.0;0.0;0.0;0.0;0.0;0.0;0.0;0.0;0.0;0.0;0.0;0.0;0.0;0.0;0.0;0.0;0.0;0.0;0.0;0.0;0.0;0.0;0.0;0.0;0.0;0.0;0.0;0.0;0.0;0.0;0.0;0.0;0.0;0.0;0.0;0.0;0.0;0.0;0.0;0.0;0.0;0.0;0.0;0.0;0.0;0.0;0.0;0.0;0.0;0.0;0.0;0.0;396.0;0.0;455.8;470.3;0.0;0.0;0.0;0.0;0.0;0.0;0.0;0.0;0.0;0.0;0.0;0.0;0.0;0.0;0.0;0.0;0.0;0.0;0.0;0.0;0.0;0.0;0.0;0.0;0.0;0.0;0.0;0.0;0.0;0.0;0.0;0.0;0.0;0.0;0.0;0.0;0.0;0.0;0.0;0.0;0.0;0.0;0.0;0.0;0.0
Vjetnam;0.0;0.0;0.0;0.0;0.0;0.0;0.0;0.0;0.0;0.0;0.0;0.0;0.0;0.0;0.0;0.0;0.0;0.0;0.0;0.0;0.0;0.0;0.0;0.0;0.0;0.0;0.0;0.0;0.0;0.0;0.0;0.0;0.0;0.0;0.0;0.0;0.0;0.0;0.0;0.0;0.0;0.0;0.0;0.0;0.0;0.0;0.0;0.0;0.0;0.0;0.0;99.1;0.0;188.6;297.5;286.4;479.8;721.6;79.1;1377.5;544.0;1058.2;388.1;566.7;522.0;354.6;777.8;1127.4;938.2;6890.0;2354.0;4253.5;2479.7;1033.5;4084.2;3250.6;2439.7;3565.5;4462.4;4405.0;7013.5;3820.0;15763.5;11318.3;10029.1;9754.1;31290.3;12144.0;5775.4;34482.1;17672.7;26288.8;15581.4;18385.3;29753.2;20666.7;12285.1;20642.6;19195.2;32212.4;7623.7;4680.6;2564.1;14819.9;12392.8;1998.9;5530.1;6360.3;15962.0;5626.4;7091.5;4016.7;3258.0;2710.6;697.6;19665.5;19657.9;14360.0;9701.5;27432.3;19255.1;6342.9;12885.4